0,0,0,0,0,0,0,0,0,0,0,0,0,0,0,0,0,0
0,0,0,0,0,0,0,0,0,0,0,0,0,0,0,0,0,0
0,0,0,0,0,0,0,0,0,0,0,0,0,0,0,0,0,0
0,0,0,0,0,0,0,0,0,0,0,0,0,0,0,0,0,0
0,0,0,0,0,0,0,0,0,0,0,0,0,0,0,0,0,0
0,0,0,0,0,0,0,0,0,0,0,0,0,0,0,0,0,0
0,0,0,0,0,0,0,0,0,0,0,0,0,0,0,0,0,0
0,0,0,0,0,0,0,0,0,0,0,0,0,0,0,0,7.42e-05,0
0,0,0,0,0,0,0,0,0,0,0,0,0,0,0,5.4985e-05,0.00030154,0
0,0,0,0,0,7.8779e-05,0,0,0,0,0,0,0,0,0,0.00019089,4.8941e-05,0
0,0,0,0,0,0.00018927,0,0,0,0,0,0,0,0,0,0.00022201,1.5787e-06,0
0,0,0,0,0,5.6271e-05,0,0,0,0,0,0,0,0,0,2.3861e-05,0.00043889,0
0,0,0,0,0,0,0,0,0,0,0,0,0,0,0,0,0.00035995,0
0,0,0,2.7831e-05,0,0,0,0,0,0,0,0,0,0,0,0,0,0
0,0,0,0,0,0,0,0,0,0,0,0,0.00012603,0,0,0,0,0
0,0,0,0,0,0,0,0,0,0,0,0,4.1268e-05,0,0,0,1.1051e-05,0
0,0,0,0,0,0,0,0,0,0,0,0,0,0,0,0,6.3149e-05,0
0,0,0,0,0,0,0,0,0,0,0,0,0,0,0,0,0,0
0,0,3.4002e-06,0,0,0,0,0,0,0,0,0,0,0,0,0.00011516,0,0
0,0,1.7001e-05,0,0,0,0,0,0,0,0,0,0,0,0,0,0,0
0,0,0,0,0,0,0,0,0,0,0,0,0,0,0,0,0,0
0,0,3.6269e-05,0,0,0,0,0,0,0,0,0,0,0,0,0,0,0
0,0,3.5135e-05,0,0,0,0,0,0,0,0,0,0,0,0,0,0,0
0,0,0,0,0,0,0,0,0,0,0,0,0,0,0,0,0,0
0,0,0,0,0,0,0,0,0,0,0,0,0,0,0,0,0,0
0,0,0,0,0,0,0,0,0,0,0,0,0,0,0,0,0,0
0,0,0,0,0,0,0,0,0,0,0,0,0,0,0,0,0,0
0,0,0,0,0,0,0,0,0,0,0,0,0,0,0,0,0,0
0,0,0,0,0,0,0,0,0,0,0,0,0,0,0,0,0,0
0,0,0,0,0,0,0,0,0,0,0,0,0,0,0,0,0,0
0,0,0,0,0,0,0,0,0,0,0,0,0,0,0,0,0,0
0,0,0,0,0,0,0,0,0,0,0,0,0,0,0,0,0,0
0,0,0,0,0,0,0,0,0,0,0,0,4.2383e-05,0,0,0,0,0
0,0,0,0,0,0,0,0,0,0,0,0,0,0,0,0,0,0
0,0,0,0,0,0,0,0,0,0,0,0,4.4614e-06,8.4882e-06,0,0,0,0
0.00011085,0,0,0,0,9.0033e-05,0,0,0,0,0,0,0.00027438,0.00017462,0,4.5648e-05,0.00086041,0
0.00017433,0,0,0,0,0.00091466,0,0,0,0,0,0,0,9.8221e-05,8.9431e-07,0.00020542,0.0026696,0
0.00019992,0,9.1806e-05,0,0,0.0014989,0,0,0,0,0,0,0,9.4583e-05,4.4716e-06,0.00022409,0.0042815,0
9.9484e-05,0,0.00015074,0,0,0.0021495,0,0,0,0,0,0,0,1.0913e-05,0,6.4322e-05,0.0055319,0
7.2955e-05,0,7.0271e-05,0,0,0.0019869,0,0,0,0,0,0,0,0,0.00011984,8.5071e-05,0.0036106,0
1.2317e-05,0,0,0,0,0.0015326,0,0,1.7912e-05,0,0,0,0,0,3.1301e-05,0,0.0016719,0
0,0,0,0,0,0.00076221,0,0,7.0528e-05,0,0,0,0,0,0,0,0.0004531,0
0,0,0,0,0,0.00031614,0,0,0,0,0,0,0.00017846,0,0,0,4.1047e-05,0
0,0,0,0,0,6.1386e-06,0,0,0,0,0,0,0.00025207,0,0,0,0,0
0,0,7.9338e-06,2.7831e-05,0,0,0,0,0,0,0,0,0.00011934,0.00011156,0,0,0,0
0,0,0.00012014,1.8264e-05,0,0,0,0,0,0,0,0,0.0002688,6.063e-06,0,0,0.00010104,0
1.0422e-05,2.9551e-05,2.7202e-05,0,0,0,0,0,0,0,0,0,0.0002398,0,0,0,6.6307e-05,0
8.1482e-05,6.7859e-05,9.2939e-05,0,0,0,0,0,0,0,0,0,0.00027995,6.3056e-05,4.2033e-05,0.00010063,8.5251e-05,0
0.00016865,0,0,0,2.0962e-05,0,0,0,0,0,0,0,0.00061344,0.00015885,8.0488e-06,0,5.5256e-05,0
0.00010138,0,1.1334e-05,0,0.00029831,0,0,0,0,0,0,0,0.00051306,0,0,0,0,0
3.7899e-06,0,1.1334e-05,0,0,0,0,0,0,0,0,0,5.0191e-05,0,0,0,0,0
0,0,0,0,0,0,0,0,0,0,0,0,0,0,0,0,0,0
0,0,0,0,0,0,0,0,0,0,0,0,0,0,0,0,0,0
0,0,0,0,0,0,0,0,0,0,0,0,0,0,0,0,0,0
0,0,0,0,0,0,0,0,0,0,0,0,0,0,0,0,0,0
0,0,0,0,0,0,0,0,0,0,0,0,0,0,0,0,0,0
0,0,0,0,0,0,0,0,0,0,0,0,0,0,0,0,0,0
0,0,0,0,0,0,0,0,0,0,0,0,0,0,0,0,0,0
0,0,0,0,0,0,0,9.5176e-05,0,0,0,0,0,0,0,0,0,0
0,0,0,3.6528e-05,1.7737e-05,0,0,0.00020969,0,0,0,0,0,0,0,0,0,0
3.0319e-05,0,0,0.00012524,0.0001032,0,0,0,2.4629e-05,0,0,0,5.6883e-05,0,0,0,0,0
0,0,8.6139e-05,1.7394e-05,0.00018866,0,0,0,0.00035376,0,0,0,0.00010038,0,0,0,0,0
0,0.00012477,2.1535e-05,0.00015394,3.5475e-05,0.00033558,0,0,0.00015785,0,0,0,0.0003123,2.304e-05,0,0.00018882,0.00058097,0
8.5272e-06,0.00060307,8.1605e-05,8.2623e-05,0,0.0012472,0,0,0,0,0,0,0.00014723,2.304e-05,0.00014935,0.00056749,0.0057608,0
5.3058e-05,0.00087669,1.9268e-05,0,0,0.0047349,7.7409e-05,0,0,0,0,0,4.3499e-05,3.5166e-05,0.00048114,0.00052288,0.020677,0
0.00049553,0.00019591,0,0,5.805e-05,0.0059872,0,4.0153e-05,0,0,0,0,0.00014276,8.6095e-05,0.00060635,0.00064426,0.035689,0
0.00048889,0,0,0,0,0.0057795,0,0.00020671,0,0,0,0,9.8151e-05,0.00037712,0.00049992,0.00045025,0.037394,0
0.00047847,3.2835e-06,4.3069e-05,0,0,0.0067945,0,0,0,0,0,0,0,0.00020978,0.00042569,0.00057164,0.026627,0
7.3902e-05,0,1.4734e-05,0,0,0.0057335,8.9093e-05,0,0,0,0,0,0,0.00017583,0.00033626,0.00039942,0.012409,0
0,0,7.9338e-06,0,7.7399e-05,0.0036852,0.00018257,0,0,0,0,0,0,0.00038925,0,1.0375e-05,0.0051214,0
0,0,1.2467e-05,0,1.4512e-05,0.001991,0,0,0,0,0,0,9.1459e-05,5.4567e-05,0,0,0.0018266,0
0,6.1292e-05,0.00010767,0,0.00041441,0.00096991,0,0,0,0,0,0,0.00088001,0.00016491,0,0,0.00067096,0
3.4109e-05,4.8158e-05,0.00017001,0,0.0016141,0.00018518,0,0,0,7.1977e-06,0,0.00021003,0.0022262,0.001015,0,6.5359e-05,0,0
8.5272e-06,0.000139,4.987e-05,0,0.0030508,2.0462e-06,0,0,0,0.00016915,0,0.00018702,0.0035267,0.001232,0,0.00011204,5.0519e-05,8.501e-05
0.00028424,0.00032506,5.667e-06,0,0.0034523,9.6172e-05,0,0,0,0.00014995,0,0.00015681,0.0073011,0.00077971,0,0.00035688,0,0.00027844
0.00029845,0.00052864,0,3.3049e-05,0.0040183,0.00022508,0,0,4.0302e-05,0,0,0.00013954,0.013346,0.0014685,0,0.000194,0,0.00016509
0.000541,0.0005177,0,7.8275e-06,0.005447,0.00013096,0,0,7.7245e-05,4.9185e-05,0,0,0.015552,0.0013642,3.2195e-05,8.2996e-06,0,0.00017002
0.00076176,0.00055819,8.6139e-05,0,0.0053889,3.0693e-06,0,0,2.7987e-05,0,0,0.00012228,0.012418,0.00076879,2.7724e-05,0,0,0.00050513
0.00061206,0.00069172,8.5005e-05,0,0.0027332,0,0,0,0,0,0,0.00033231,0.0079536,0.00020857,0,0,0,0.0007922
0.00018949,0.00058118,0,0,0.00018705,0,0,0,0,0,0,0,0.0029668,0,0,8.6109e-05,0,0.00032033
5.5901e-05,3.0646e-05,0,0,0,0,0,0,0,0,0,0,0.00082982,0.00012732,0,1.5562e-05,0,0
0,0,0,0,0,0,0,0,0,4.3186e-05,0,0,6.469e-05,0,0,0,0,0
0,0,0,0,0,0,0,0,0,0,0,0,0,0,0,0,0,0
0,0,0,0,0,0,0,0,0,0,0,0,0,0,0,0,0,0
0,0,0,0,0,0,0,0,0,0,0,0,0,0,0,0,0,0
0,0,0,0,0,0,0,0,0,0,0,0,0,0,0,0,0,0
0,0,0,0,0,0,4.2356e-05,0,1.4553e-05,0,0,0,0,0,0,0,0,0
0,0,0,8.6972e-06,2.4187e-05,0,0.00012269,0.00010707,0.00018584,0,0,0,4.4614e-06,0,0,0,0,0
0,7.6615e-05,0,8.0014e-05,0.00021446,0,0.00023515,0.00010559,0.0001724,0,0,0,8.8113e-05,0,0,0,0.00015945,0
3.7899e-05,0.0021529,0.00026862,4.3486e-06,0.00022575,0.00015858,0.00039143,0,0.00038175,0,0,5.3227e-05,0.00034353,0,2.5041e-05,0,0.00024944,0.00014415
0.00016296,0.0093568,0.00037742,0.0001896,0.00050632,0.001683,0,5.9485e-05,0.00020375,6.1181e-05,2.9686e-06,0.00022154,1.5615e-05,6.1843e-05,6.2602e-05,0.00017118,0.0016908,0.00031417
0.00053342,0.015255,7.4804e-05,0.0001609,0.00065467,0.0049529,0,0.00057106,0.00028435,0.00023753,4.453e-05,0.00039273,0.00013942,0.00019765,0.0011277,0.00083826,0.01912,0.00016386
0.0013824,0.018219,0,9.7409e-05,0.00026284,0.0124,0,0.00092351,6.7169e-05,0.00071857,0.00019741,0.00096529,0.00041268,0.00032498,0.0023127,0.0023052,0.063956,0.00061602
0.0017452,0.013056,4.8736e-05,2.0873e-05,0.0002709,0.017096,0.00027166,0.0011109,4.2541e-05,0.00054463,0.00039334,0.0012832,0.00025653,0.00072878,0.002259,0.0030231,0.09928,0.00087228
0.0015889,0.0090044,0,0.00020612,0.00049665,0.018969,0.00071275,0.00084469,5.0377e-05,0.00058782,0.00017515,0.00082431,0.00030226,0.00097494,0.0017394,0.0034526,0.098412,0.00063943
0.0010583,0.0045093,0.00013034,0.00013394,0.00082076,0.021065,0.00068792,0.00057998,5.9333e-05,0.00049185,0,0.00055241,0.00052421,0.00090582,0.00068057,0.0023716,0.069744,8.501e-05
0.00028614,0.0027373,0.00028222,2.0873e-05,0.0010771,0.022405,0.00053018,0.00037922,5.9333e-05,0.00061421,0,0.00014386,0.00057775,0.001272,0.00028081,0.00061521,0.03683,0
2.5582e-05,0.0012401,0.00022668,0,0.0021382,0.020003,0.0006368,0.00033609,0,0.0006454,0.00037702,0,0.00034687,0.0011956,6.1708e-05,6.121e-05,0.017878,0
0,0.00055929,0.00029128,0,0.0032088,0.017569,0.00068061,0,0,0.00055902,0.00037405,7.1929e-06,0.00053983,0.00085367,3.8456e-05,2.2824e-05,0.0088393,0
0,0.00067859,0.00020855,1.7394e-05,0.0073755,0.015917,0.00089385,0,2.9107e-05,0.0017526,0.00038592,4.4596e-05,0.0024861,0.0019984,0.00014577,0,0.0045957,4.6817e-05
6.6323e-06,0.0014896,0,4.3486e-06,0.017784,0.010111,0.0015832,0,0.00015337,0.0026128,0.00046904,0.00020284,0.0067523,0.0043702,0.00015472,0,0.002035,0.00014415
0.00017339,0.0027428,0,0,0.040362,0.0045968,0.0020973,9.5176e-05,0.00016456,0.0021713,0.00055662,0.00023017,0.015809,0.007141,8.9431e-06,4.1498e-06,0.00066307,0.00061479
0.00043394,0.0050423,0,0,0.068544,0.0025956,0.0036309,0.00064542,0.00035712,0.00077736,0.00049279,0.00073943,0.031349,0.0076625,0.00021464,0.00017637,0.0005273,0.0014735
0.00094747,0.0054353,0.00014281,2.1743e-05,0.089872,0.0017505,0.0039566,0.00040747,0.00064035,0.00015355,0.00073771,0.00090774,0.04879,0.0084216,0.00014041,0.00021268,0.0003789,0.0036518
0.0013947,0.0053969,4.7603e-05,5.2183e-06,0.089014,0.00093205,0.0033695,0.00026768,0.00043212,9.597e-06,0.00064123,0.00060564,0.062764,0.0095456,0.00013594,0,0.0001784,0.0057056
0.0019101,0.005873,0.00016434,0,0.065041,0.00011766,0.0032818,0,6.7169e-05,0,0.00035624,0.0013494,0.054632,0.0062292,0.00013862,0.00023446,0,0.0054074
0.0020712,0.004506,0.00021535,0,0.031519,0,0.0017512,0,0,0,0.00024343,0.0011005,0.035097,0.0014345,0,0.0007231,0,0.0046361
0.0010687,0.0033481,0.00037402,0,0.0068418,0,3.2132e-05,0,0,0,8.7575e-05,0.00032656,0.014637,0.00028375,0,0.00050524,0,0.0027277
0.00060069,0.0012576,0.00022895,4.7835e-05,0.0005547,0,0,0,0,0,0,0.00015393,0.0037041,0.00037712,0,0.00016599,9.4724e-05,0.0012185
0,0.000278,0,0,0,0,0,0,0,0,0,0,0.00017399,0.00027526,0,0.00035066,0,0.00011335
0,0,0,0,0,0,0,0,0,0,0,0,0,4.6079e-05,0,0,0,0
0,0,0,0,0,0,0,0,0,0,0,0,0,0,0,0,0,0
0,0,0,0,0,0,0,0,0,0,0,0,0,0,0,0,0,0
0,0,0,0,0,0,0,2.3794e-05,0,0,0,0,0,0,0,0,0,0
0,0,0,0,0,0,1.4605e-05,0.00024686,0.0002698,0,0,0,0,0,0,0,0,0
0,0,0,6.9578e-06,0,0,4.0895e-05,0.00012046,0.00028323,0,0.00014249,0.00012228,8.3651e-05,0.0001152,0,0,0,0
0.00040836,0.0014929,3.6269e-05,0.00019656,0.00068047,0.00021383,3.5053e-05,0.00038368,8.2842e-05,7.6776e-05,0.0002078,0.0014371,0.00024203,0.00023525,0,7.2622e-06,0.00030312,0
0.00090673,0.014369,0.00027655,2.5222e-05,0.001398,0.0022334,0.00034469,0.00076736,0.00046123,0,0.0001321,0.0048279,0.0003346,0.0005384,0,9.8558e-05,0.00082094,0.00043368
0.001245,0.041135,0.00022668,0.00028266,0.0030847,0.0074411,0.00067039,0.00091459,0.00060676,0.00055543,0.00088465,0.0092458,0.00089005,0.0011835,0.0010472,0.0014441,0.0070238,0.00083039
0.0025951,0.062631,0.00014394,0.0006262,0.005626,0.016512,0.00064848,0.0011897,0.00061572,0.0010377,0.001419,0.012406,0.0016663,0.0012817,0.0051548,0.0045918,0.051219,0.0010879
0.0045251,0.068736,0.00010427,0.0005601,0.0050535,0.033382,6.4264e-05,0.0011183,0.00049034,0.0019842,0.0023423,0.015325,0.0013864,0.0019729,0.0078673,0.0088557,0.13356,0.001094
0.0061235,0.052204,9.0672e-06,0.00085233,0.0048133,0.04711,0.00043816,0.0016463,0.0007814,0.0022025,0.0038577,0.013977,0.00083651,0.0021621,0.0067449,0.011054,0.19653,0.0013565
0.0062789,0.032951,2.9468e-05,0.00089146,0.0051277,0.060009,0.00044109,0.0026382,0.00075677,0.0021113,0.0069585,0.0078762,0.0012035,0.002766,0.0049581,0.010937,0.19396,0.00091787
0.0040599,0.020235,0.00013147,0.00069578,0.0051342,0.069383,0.0011071,0.002952,0.00028323,0.0025864,0.014529,0.0048725,0.0011678,0.0042732,0.0022787,0.0088121,0.14153,0.0006037
0.0021346,0.01246,0.00026182,0.00034441,0.0050793,0.078944,0.0015087,0.003239,0.00034032,0.0040175,0.025913,0.0028671,0.00074505,0.0051972,0.00068504,0.005125,0.082433,0.00044969
0.0011209,0.0081146,0.00015981,0.00046182,0.0064161,0.083005,0.0044678,0.0027319,6.3811e-05,0.0077988,0.042869,0.0016946,0.0011756,0.0037833,0.00053033,0.0034008,0.048712,0.00034374
0.00055806,0.0052941,0.00028448,4.1747e-05,0.011816,0.079008,0.011527,0.0022976,2.239e-05,0.014999,0.06608,0.0010056,0.0013719,0.004118,0.00093635,0.0025812,0.028757,0.00012813
0.00034109,0.0032999,0.00018134,2.0873e-05,0.031418,0.066517,0.030639,0.0017994,0.0004478,0.020137,0.089874,0.0019061,0.0044569,0.0082384,0.0012002,0.0014192,0.01696,0.00010472
0.00014591,0.0056399,0.00018361,5.2183e-06,0.079942,0.044946,0.062913,0.0014291,0.0012538,0.022098,0.10145,0.0026398,0.013017,0.018744,0.0013746,0.00083619,0.0087951,0.00050513
0.00062817,0.010429,0.00031962,0,0.15776,0.02629,0.10537,0.0014946,0.0020419,0.015224,0.10241,0.0040539,0.034511,0.033115,0.0011474,0.00034651,0.00386,0.0016509
0.0015159,0.018794,0.00027542,0,0.24168,0.012475,0.1396,0.0023645,0.0024181,0.0070202,0.088537,0.0054796,0.070928,0.044575,0.0010598,0.00023135,0.0020145,0.0055737
0.0025913,0.024971,0.00029128,1.5655e-05,0.29431,0.00509,0.15107,0.0018203,0.0028816,0.0023597,0.062876,0.0073051,0.11453,0.047866,0.00081204,0.00048864,0.00077516,0.011607
0.0037605,0.026914,0.0006075,1.7394e-06,0.29266,0.0019613,0.12553,0.000925,0.0024192,0.0006442,0.035834,0.0091379,0.14634,0.040062,0.00052675,0.00034028,0.00012946,0.016338
0.0046227,0.024406,0.001011,0,0.21728,0.00047165,0.081425,0.00031527,0.00085753,8.0375e-05,0.014416,0.010651,0.13495,0.02685,0.00060903,0.0012273,0,0.019427
0.0059226,0.018511,0.0020571,0,0.10694,8.1849e-05,0.033666,0,0.00011643,0,0.0046771,0.0079625,0.094791,0.013166,0.00021195,0.0017533,0,0.019308
0.0053579,0.010104,0.0038547,2.3482e-05,0.028004,8.1849e-06,0.0071114,0,0,0,0.0017352,0.002296,0.045481,0.0079074,9.2114e-05,0.002299,8.0515e-05,0.013515
0.0024094,0.0034356,0.0015369,0.00017481,0.0020688,0,0.00063534,0,0,7.0778e-05,0.0011103,0.00035533,0.012378,0.0048019,1.9675e-05,0.0027949,0.00051309,0.005554
0.00062343,0.00042138,0.00038196,0,8.0624e-05,0.00023531,0,0,0,0.00010917,0,0,0.00032234,0.0030946,0,0.0022554,0.00033943,0.00084518
0,0,9.2939e-05,0,0,0,0,0,0,0,0,0,0,0.0013339,0,0.00096379,2.526e-05,0
0,0,0,0,0,0,0,0,0,0,0,0,0,8.4882e-06,0,0.00015043,0,0
0,0,0,0,0,0,0,0,0,0,0,0,0,0,0,0,0,0
0,0,0,0,0,0,0,8.1792e-05,0,0,0,0,0,0,0,0,0,0
0,0,0,0,0,0,0,0.00022307,0.00015001,0,0,6.4736e-05,0,0,0,0,0,0
0,0.00033054,0,0.00016699,0.00082076,0,0,0.0015094,0.00037055,0,0.00095293,0.0015681,1.8961e-05,0.00010671,0,0,0,0
0.001082,0.0077589,0,0.00044356,0.0020866,0.0017311,0.0002775,0.003468,0.00049929,0.00011396,0.00060709,0.01184,0.00051418,0.0002789,0,0.00013798,0.00021155,0.00027844
0.0033967,0.044913,0.0004749,0.00088624,0.0048697,0.0086739,0.00082521,0.0053611,0.00097731,6.9578e-05,0.0013864,0.029039,0.0020299,0.00033225,6.7968e-05,0.00051354,0.0016324,0.00040411
0.006727,0.099169,0.00042389,0.0019812,0.0089896,0.021731,0.001316,0.0062385,0.0016412,0.00041747,0.0056686,0.048063,0.0054028,0.0011617,0.0040843,0.0038261,0.017956,0.00080082
0.013234,0.13978,0.00046469,0.003278,0.01334,0.044041,0.0011568,0.0082774,0.0011889,0.0016519,0.0094878,0.063951,0.0073502,0.001831,0.014362,0.014743,0.093764,0.0014058
0.020676,0.13989,0.00040576,0.0037015,0.015185,0.074058,0.00037244,0.010615,0.0011643,0.0033553,0.0156,0.069013,0.005018,0.0035566,0.020489,0.025063,0.23284,0.0015474
0.021277,0.11301,0.00042163,0.0045617,0.014267,0.10773,0.00070252,0.014505,0.0014565,0.0046641,0.029177,0.055956,0.0028586,0.0041532,0.018587,0.032647,0.32998,0.0020834
0.019343,0.077942,0.00029242,0.0037354,0.013084,0.14857,0.0018315,0.019273,0.0012897,0.0074425,0.063959,0.034726,0.0018169,0.007078,0.012544,0.03178,0.31619,0.0023076
0.014386,0.05907,0.00017794,0.0023961,0.011594,0.18484,0.0035608,0.026249,0.00057094,0.011961,0.11821,0.01868,0.0016217,0.010071,0.0069587,0.024824,0.23136,0.0025873
0.0088768,0.044499,0.00014621,0.0013776,0.0088767,0.21158,0.009495,0.033382,0.00032913,0.024869,0.19043,0.010822,0.0016351,0.010801,0.0043938,0.017695,0.14591,0.002278
0.0053305,0.032156,0.00024368,0.00084189,0.011644,0.22476,0.031885,0.038401,0.00019479,0.051758,0.27972,0.0084243,0.0025586,0.012213,0.0047095,0.012243,0.092938,0.0016977
0.0033521,0.023972,0.00047149,0.0005027,0.031874,0.21936,0.082855,0.043314,0.00064818,0.088909,0.35973,0.0073555,0.0036204,0.01989,0.0057352,0.0083349,0.059502,0.00082546
0.0015586,0.016692,0.00061317,0.00037398,0.090411,0.1903,0.16246,0.046213,0.0021696,0.11749,0.41665,0.0081927,0.0091358,0.035031,0.0069819,0.0058243,0.038493,0.0013491
0.00061585,0.014958,0.0014122,0.0002183,0.20118,0.14525,0.25995,0.046071,0.005303,0.11256,0.4346,0.01413,0.02434,0.059955,0.0079013,0.0034609,0.02077,0.0030345
0.0011237,0.021641,0.0023019,0.00032354,0.34276,0.088225,0.35024,0.040788,0.010295,0.072398,0.41976,0.025323,0.055169,0.099474,0.0070409,0.0019577,0.0097029,0.0058312
0.0035985,0.038278,0.0020175,0.00051835,0.47391,0.042657,0.4071,0.028639,0.012596,0.03013,0.36229,0.043405,0.11289,0.14175,0.0046889,0.00086627,0.0034274,0.016471
0.0074016,0.059123,0.0024833,0.00039485,0.543,0.015996,0.41844,0.015579,0.010148,0.0099209,0.27977,0.056369,0.19825,0.16485,0.0022626,0.00065359,0.0011762,0.034053
0.011843,0.070468,0.0043285,0.00075144,0.52081,0.0057959,0.37317,0.0043305,0.0066251,0.0022265,0.17412,0.058212,0.26388,0.14985,0.0012279,0.0010188,0.00062834,0.054882
0.015546,0.065807,0.0093914,0.00059315,0.41034,0.0023306,0.27381,0.001154,0.0032879,0.00065619,0.085227,0.051507,0.26668,0.10685,0.00079415,0.0024805,0.00029207,0.069163
0.017405,0.048794,0.016398,9.393e-05,0.2265,0.00051565,0.14736,4.3127e-05,0.0011934,0.00047985,0.029778,0.033464,0.19811,0.059819,0.00055716,0.0041809,0.00018629,0.067503
0.015296,0.025827,0.016939,0.00037746,0.065153,3.1716e-05,0.042758,7.5844e-05,0.00061908,0.00018354,0.0062861,0.011559,0.10055,0.032204,0.0004874,0.0069769,0.00038363,0.047809
0.0080232,0.0084725,0.0062745,0.00015481,0.0066225,1.33e-05,0.0046621,0,0.00028211,0.00070898,0.0013196,0.00073655,0.028961,0.016386,0.00035236,0.011023,0.00074358,0.016759
0.0015974,0.0010168,0.0010575,0,0.0011191,0.00013812,0.00037828,0,0,0.00042347,0,0,0.00085882,0.0093613,2.2358e-05,0.013374,0.0008162,0.0019195
0,0,0.00028675,0,0,0,0.00037098,0,0,0,0,0,0,0.0029842,0,0.0068835,0.00028733,0
0,0,0,0,0,0,0,0,0,0,0,0,0,0.00016006,0,0.00077394,8.9988e-05,0
0,0,0,0,0,0,0,0,0,0,0,0,0,0,0,0,0,0
0,0,0,0,0,0.00011663,0,0.0006588,0,0,0,0,0,0,0,0,0,0
0,0,0,0,0.00016286,4.8086e-05,0,0.0031914,0.00010187,0,0,0.00051213,0,0.00010307,0,0,0,0
0,0.00068077,0,0.00015133,0.0017044,0.00028545,0,0.0065389,0.00019143,0,0.00086833,0.0077525,0,6.1843e-05,0,0,0,0
0.001209,0.020501,0.00017114,0.00078188,0.0051858,0.0028391,0.00077701,0.0102,0.0012035,0,0.001468,0.032554,0.0031531,0.00022797,0.00031122,5.9135e-05,4.1047e-05,1.9713e-05
0.009686,0.097207,0.00082625,0.0026179,0.01081,0.019059,0.00093183,0.012947,0.0015337,0.00033589,0.0063351,0.083091,0.0085458,0.00083306,0.0016509,0.0015354,0.0024376,0.0011298
0.024277,0.19722,0.00076845,0.0050896,0.022362,0.044415,0.0013963,0.018455,0.0021673,0.0020598,0.015483,0.13226,0.017253,0.0024543,0.010489,0.0091379,0.027847,0.001853
0.04341,0.26363,0.00068684,0.007724,0.031743,0.087239,0.0014328,0.027977,0.0022647,0.0043486,0.029908,0.16598,0.02112,0.0041677,0.028103,0.035651,0.14662,0.0037331
0.057011,0.25655,0.00086819,0.0093217,0.034504,0.147,0.0015905,0.039382,0.0024349,0.0070274,0.061899,0.16441,0.016094,0.0061637,0.041778,0.062472,0.33744,0.0076177
0.062888,0.20965,0.0010835,0.0089842,0.032045,0.22078,0.00261,0.056639,0.0018259,0.011579,0.1247,0.12623,0.0094805,0.0085998,0.041459,0.076126,0.47449,0.009754
0.057315,0.15804,0.00094979,0.0070787,0.026683,0.30007,0.0068208,0.078518,0.0011766,0.026888,0.22362,0.077573,0.005328,0.012125,0.031955,0.070303,0.46586,0.012063
0.046807,0.1308,0.00088065,0.0043903,0.017349,0.36797,0.019679,0.10423,0.00061572,0.057311,0.34528,0.038252,0.0035256,0.016169,0.026245,0.057234,0.34863,0.012219
0.033575,0.11668,0.00082852,0.0020804,0.012806,0.41631,0.06109,0.12928,0.00068065,0.11615,0.47594,0.019192,0.0050246,0.021108,0.025264,0.044973,0.22954,0.0093339
0.022427,0.098454,0.0014417,0.0015264,0.023544,0.44448,0.14771,0.15265,0.0017274,0.19933,0.57903,0.01437,0.0091124,0.029828,0.02779,0.035984,0.1464,0.0058017
0.013912,0.070345,0.0021977,0.0008358,0.068677,0.44041,0.2712,0.17686,0.0072834,0.28395,0.63933,0.015183,0.011518,0.048444,0.028527,0.026739,0.089659,0.0036259
0.0075381,0.045834,0.0031815,0.00052357,0.1787,0.3859,0.40759,0.19131,0.018331,0.31454,0.66723,0.02676,0.01632,0.073195,0.029954,0.016979,0.056631,0.0035951
0.0045554,0.032944,0.0039896,0.0010367,0.34898,0.29395,0.51695,0.1833,0.036979,0.26095,0.67402,0.054308,0.031395,0.1173,0.028208,0.0083951,0.030738,0.0078296
0.0047724,0.039593,0.0042707,0.0016246,0.52183,0.17945,0.5915,0.15662,0.05304,0.15795,0.65752,0.095304,0.06824,0.18198,0.019367,0.0031072,0.013948,0.022032
0.008568,0.068457,0.0046764,0.0016212,0.64792,0.086642,0.62938,0.1156,0.057778,0.061453,0.61573,0.14067,0.14464,0.26378,0.010576,0.0019151,0.0058508,0.051601
0.016837,0.10735,0.0075734,0.0024352,0.71322,0.031063,0.63723,0.065243,0.045761,0.016716,0.54284,0.17804,0.26002,0.32264,0.0039117,0.0011391,0.002537,0.10011
0.028748,0.13391,0.018557,0.0025213,0.70649,0.010565,0.61263,0.024426,0.026644,0.0037644,0.41181,0.18786,0.37182,0.32528,0.001633,0.0012698,0.00096776,0.15841
0.039735,0.13995,0.039642,0.0020264,0.58687,0.0038407,0.51374,0.0056883,0.010784,0.0011085,0.24261,0.15732,0.42487,0.24854,0.00065464,0.0041073,0.00059202,0.20187
0.044321,0.11368,0.055137,0.0010611,0.35161,0.0021291,0.33642,0.00043127,0.0028122,0.0017143,0.10555,0.095509,0.35236,0.14777,0.00089163,0.0095217,0.00094092,0.1998
0.038883,0.062609,0.051673,0.0010158,0.10527,0.0012492,0.12772,0.00017399,0.00091798,0.0027375,0.025325,0.032362,0.19321,0.081475,0.0013209,0.022287,0.00098513,0.14307
0.021183,0.02198,0.017313,0.00032701,0.0095088,0.00060159,0.018048,0,0.00032465,0.0027987,0.0034065,0.0021536,0.053768,0.039726,0.001049,0.042447,0.0013167,0.055395
0.0037283,0.002896,0.0020424,8.6972e-06,0.0019172,0.0003939,0.00067477,0,0,0.002037,5.1951e-05,0,0.0022541,0.017058,0.00064838,0.050807,0.0023523,0.0060271
0,0,0.00016888,0,0,0,0.00030233,0,0,0.00036469,0,0,0,0.0049256,0,0.027296,0.0019955,0
0,0,0,0,0,0,0,0,0,0,0,0,0,0.00018917,0,0.0019328,0.00075621,0
0,0,0,0,0,0,0,0,0,0,0,0,0,0,0,0,0,0
0,0,0,2.6092e-06,0,0.00016677,0,0.0018247,7.1647e-05,0,0,0,0,0,0,0,0,0
0,0,0,5.0444e-05,0.00072239,0.00036218,0.00025414,0.0090447,0.00028659,0,0,0.0011926,0,0.0001249,0,0,0,0
0,0.0011186,0,0.00027657,0.0039909,0.00082769,0.00031694,0.01773,0.0012628,0,0.00073325,0.01969,0.0002978,0.00033953,0.00013146,0,0,0
0.0020854,0.041582,0.00034682,0.0023552,0.011784,0.0049713,0.00077701,0.025091,0.0032913,0.00027111,0.0043773,0.077184,0.011924,0.0010053,0.00076017,0,8.0515e-05,0.00023409
0.021314,0.17335,0.0012615,0.005741,0.028272,0.03058,0.0014182,0.034622,0.0033025,0.0014072,0.016771,0.17118,0.029476,0.0021451,0.0041836,0.0026351,0.0032111,0.001901
0.058944,0.33426,0.0021489,0.0106,0.05224,0.079168,0.0017921,0.052503,0.0039249,0.0053443,0.041935,0.25923,0.04942,0.0034377,0.01819,0.018733,0.034907,0.00394
0.10352,0.41585,0.00254,0.014869,0.066788,0.15594,0.0024581,0.077781,0.0041511,0.01273,0.092384,0.28984,0.055842,0.0056168,0.051847,0.067645,0.19624,0.012959
0.1368,0.38441,0.0023937,0.015598,0.067199,0.26883,0.004979,0.11142,0.0043078,0.023195,0.18118,0.25474,0.043574,0.0089139,0.07975,0.1242,0.44234,0.024166
0.14822,0.30969,0.0019835,0.012162,0.059739,0.39632,0.01168,0.15294,0.0021416,0.043657,0.32102,0.18005,0.026706,0.01314,0.08979,0.1507,0.61836,0.034544
0.14323,0.25409,0.001793,0.0080806,0.041865,0.50313,0.031466,0.20251,0.0013143,0.099433,0.48217,0.097835,0.016843,0.018906,0.094219,0.1408,0.59782,0.042314
0.12606,0.22982,0.0020231,0.0054923,0.0256,0.57722,0.097808,0.25323,0.001368,0.19841,0.62976,0.043763,0.01441,0.03086,0.11082,0.12436,0.45054,0.041873
0.10148,0.22628,0.0024651,0.0028266,0.021457,0.61286,0.22185,0.3086,0.0050231,0.33828,0.72979,0.019526,0.020908,0.050412,0.12736,0.11353,0.30366,0.033605
0.074348,0.21006,0.0036053,0.0021152,0.042365,0.63447,0.39014,0.36635,0.017586,0.48122,0.76644,0.015232,0.031687,0.081542,0.13191,0.092662,0.19427,0.024415
0.051179,0.16538,0.0051751,0.0014829,0.1218,0.6312,0.55874,0.41418,0.045087,0.57523,0.76314,0.025244,0.035815,0.11236,0.12532,0.064494,0.11748,0.01554
0.033352,0.10454,0.0063652,0.001789,0.28299,0.58005,0.67185,0.43095,0.088225,0.5654,0.74615,0.057887,0.03555,0.13904,0.10282,0.036784,0.065454,0.012918
0.021835,0.067483,0.0075326,0.0027901,0.47806,0.44867,0.73186,0.41601,0.1355,0.44307,0.73146,0.11832,0.044193,0.16998,0.071804,0.017067,0.034754,0.027503
0.018551,0.069871,0.0077604,0.0029205,0.62742,0.27843,0.74967,0.36641,0.16972,0.25015,0.72715,0.20073,0.084261,0.22637,0.043871,0.008919,0.017878,0.068125
0.024659,0.1095,0.01107,0.0030858,0.69251,0.13636,0.74447,0.2894,0.17609,0.096089,0.7316,0.29154,0.16304,0.30753,0.021599,0.0059799,0.0082078,0.14373
0.040904,0.16469,0.027743,0.0043503,0.74434,0.046245,0.74865,0.18654,0.14595,0.023863,0.71997,0.36277,0.28767,0.39911,0.009004,0.003352,0.0033753,0.24741
0.060141,0.21882,0.062268,0.0055462,0.7737,0.014406,0.75886,0.084963,0.09419,0.0049616,0.63786,0.37536,0.44626,0.43659,0.0041666,0.0034205,0.0013103,0.35044
0.083678,0.24416,0.10627,0.0051148,0.69159,0.0060026,0.72075,0.023385,0.0376,0.0035545,0.46568,0.31903,0.57128,0.37882,0.0015668,0.010942,0.0010546,0.4061
0.094478,0.20646,0.14099,0.0039094,0.44227,0.0036965,0.54994,0.0031393,0.0080469,0.007115,0.24461,0.20531,0.53644,0.25148,0.0016563,0.030593,0.001885,0.39797
0.082842,0.12197,0.12995,0.0029797,0.13595,0.0026161,0.26819,0.00056362,0.0015057,0.011286,0.078115,0.071939,0.32348,0.14607,0.0023914,0.074524,0.0026081,0.30623
0.045242,0.041964,0.041635,0.0015116,0.010014,0.0023787,0.043244,0,0.00053512,0.011611,0.0105,0.0052163,0.08863,0.068102,0.0024737,0.12054,0.004763,0.13239
0.0087271,0.0047118,0.0061294,0.00014089,0.0015012,0.00087066,0.0012415,0,0,0.0076932,0.00034139,2.7333e-05,0.0039706,0.024173,0.0016232,0.12753,0.0074721,0.011702
0,0,0.00040689,0,0,0,0.00047322,0,0,0.0010725,0,0,0,0.004774,0,0.064938,0.0060829,0
0,0,0,0,0,0,0,0,0,0,0,0,0,0.00028739,0,0.0042349,0.0016308,0
0,0,0,0,0,0,0,0,0,0,0,0,0,0,0,0,0,0
0,0,0,0.00012698,0,0.00026089,0,0.0031066,0.00014889,0,0,0,0,0,0,0,0,0
0,0,0,0.00044095,0.0014593,0.00056271,6.4264e-05,0.016476,0.00040861,0,0,0.0029102,0,0.00045837,0,0,0,0
0,0.0016264,0.00022895,0.0012924,0.0096685,0.0013914,0,0.035966,0.0019793,0,0.0014799,0.042198,0.0016061,0.00057841,0.00047846,0,0,0
0.0057038,0.070739,0.0004851,0.0053827,0.030795,0.009254,0.0006514,0.056682,0.0036999,0.00023753,0.012645,0.14667,0.028683,0.0015,0.0012198,0,0.00010104,0.00026366
0.046156,0.26921,0.0023099,0.01047,0.068103,0.044983,0.0015599,0.08467,0.0047063,0.0030998,0.041312,0.29219,0.078159,0.0025792,0.0069238,0.004932,0.0042894,0.0035988
0.12551,0.48542,0.004401,0.01714,0.10249,0.11949,0.003092,0.11979,0.0061605,0.012625,0.10596,0.40202,0.11873,0.0039022,0.036149,0.033414,0.039383,0.014228
0.21385,0.55518,0.0046333,0.025164,0.1189,0.25516,0.0061796,0.17234,0.0058314,0.029645,0.22092,0.40538,0.12272,0.0066912,0.090869,0.11332,0.23797,0.037931
0.27101,0.48617,0.0041142,0.023725,0.11695,0.42661,0.01689,0.23674,0.0055426,0.061122,0.38784,0.32246,0.096448,0.011687,0.14905,0.20209,0.5351,0.069663
0.29244,0.38909,0.0038502,0.018017,0.09727,0.57199,0.048386,0.31825,0.0031581,0.13419,0.57609,0.20227,0.061288,0.022575,0.19774,0.25359,0.72844,0.10268
0.28327,0.33195,0.0037504,0.010965,0.066189,0.64884,0.14107,0.4046,0.0038152,0.27505,0.72101,0.10453,0.044158,0.042189,0.2487,0.25325,0.68457,0.12263
0.26293,0.32887,0.0042639,0.0075239,0.038913,0.65348,0.30514,0.49633,0.011571,0.4543,0.78615,0.044592,0.051071,0.076166,0.30981,0.24478,0.49361,0.11842
0.23318,0.35713,0.0061204,0.0049374,0.033148,0.63414,0.50849,0.57803,0.040101,0.63261,0.77028,0.020129,0.0776,0.13148,0.35413,0.23002,0.32067,0.10185
0.18749,0.36277,0.0084824,0.0037972,0.065843,0.63687,0.68896,0.63621,0.10337,0.75121,0.70677,0.018093,0.10634,0.19605,0.37072,0.19149,0.2041,0.075447
0.13814,0.30337,0.01049,0.0040259,0.18104,0.67148,0.7988,0.66118,0.19188,0.80493,0.63544,0.040267,0.10609,0.24302,0.34963,0.13034,0.11853,0.052244
0.091698,0.20408,0.012583,0.0045504,0.3726,0.67352,0.82205,0.66303,0.27907,0.77442,0.57647,0.10388,0.084444,0.25222,0.27468,0.066779,0.061668,0.048157
0.062509,0.12866,0.014495,0.0062507,0.56397,0.56758,0.7763,0.64817,0.34717,0.60275,0.54816,0.20809,0.074112,0.23533,0.17377,0.031791,0.032227,0.087387
0.048967,0.11448,0.020131,0.0066386,0.63992,0.36595,0.70454,0.60597,0.38583,0.32461,0.56633,0.33552,0.10018,0.24469,0.090602,0.017916,0.021973,0.18167
0.057884,0.1511,0.040951,0.0059254,0.62295,0.178,0.65784,0.5236,0.3823,0.11887,0.63561,0.46379,0.15802,0.28456,0.038477,0.011719,0.014447,0.32121
0.080774,0.22438,0.095387,0.0074492,0.6693,0.062343,0.67479,0.38901,0.33481,0.029577,0.71962,0.5694,0.26785,0.37677,0.015047,0.0079178,0.006337,0.4617
0.11211,0.31522,0.17212,0.010802,0.75763,0.017982,0.76012,0.20768,0.2409,0.0086769,0.75878,0.5948,0.4523,0.46745,0.005915,0.012205,0.0031085,0.56132
0.14915,0.37928,0.25469,0.011536,0.71697,0.0074083,0.82652,0.06577,0.11854,0.01075,0.67197,0.5112,0.65253,0.46006,0.003063,0.038078,0.0020571,0.60703
0.17624,0.34814,0.30653,0.0097696,0.47207,0.0054767,0.72629,0.0081599,0.023944,0.020919,0.43652,0.33617,0.69557,0.34461,0.0029754,0.10153,0.0039737,0.60785
0.16221,0.21532,0.26847,0.0071213,0.14466,0.0050634,0.42585,0.00052942,0.0032342,0.031629,0.16968,0.12,0.46964,0.20098,0.0040334,0.18736,0.0098592,0.50596
0.090425,0.074152,0.079196,0.0037007,0.0090154,0.0036249,0.078157,0,0.00076573,0.036124,0.027923,0.0075079,0.13112,0.088404,0.0047828,0.25531,0.018272,0.2481
0.01814,0.0075859,0.011257,0.00040964,0.0010884,0.0016022,0.0023062,0,0,0.023492,0.00067982,0.00030929,0.0055388,0.027341,0.0035325,0.25515,0.022289,0.020362
0,0,0.00081945,0,0,0.00015551,0.00029503,0,0,0.0051428,0,0,0,0.0046188,0,0.12286,0.017942,1.232e-06
0,0,0,0,0,0,0,0,0,0,0,0,0,0.00025707,0,0.0050804,0.0040794,0
0,0,0,0,0,0,0,0,0,0,0,0,0,0,0,0,0,0
0,0,0,9.8278e-05,0,5.8317e-05,0,0.0051053,0.00014889,0,0,0.00015824,0,0,0,0,0,0
0,0,0,0.00059489,0.0031186,0.00020871,0,0.032384,0.00083402,0,0,0.0061528,0,0.00088642,4.1138e-05,0,0,0
0.00017339,0.0024166,0.00029242,0.0031266,0.021546,0.0016707,0,0.071309,0.0036406,0,0.0022948,0.075002,0.0055511,0.0010732,0.0008657,0,0,0
0.01076,0.10737,0.0011141,0.011062,0.064554,0.012163,0.0015102,0.11791,0.0057609,0.00022193,0.027711,0.23571,0.061738,0.0016855,0.0028725,7.2622e-06,5.9992e-05,0.00050513
0.085889,0.38359,0.0032971,0.018556,0.12839,0.064215,0.0028875,0.16881,0.0065658,0.0073777,0.094533,0.42543,0.15745,0.0025162,0.016378,0.0071978,0.0046415,0.0085774
0.23094,0.62728,0.0065737,0.027643,0.18165,0.17547,0.009235,0.23697,0.0074771,0.027288,0.2256,0.52874,0.22334,0.0043957,0.06459,0.053328,0.041456,0.037357
0.37713,0.65515,0.007978,0.03399,0.20015,0.3602,0.024485,0.32055,0.007495,0.069778,0.41777,0.48584,0.22689,0.0093807,0.15537,0.16996,0.27183,0.095733
0.45222,0.5195,0.0089233,0.03216,0.18297,0.54516,0.070445,0.4217,0.00816,0.16354,0.62354,0.34826,0.18034,0.020987,0.27305,0.30082,0.61165,0.17744
0.46053,0.39533,0.0085934,0.0239,0.13802,0.63443,0.18659,0.53564,0.012817,0.33115,0.76686,0.20122,0.12866,0.046514,0.38298,0.38994,0.80343,0.24839
0.44573,0.34791,0.0085073,0.016345,0.089071,0.60742,0.38127,0.64618,0.036953,0.53365,0.792,0.10347,0.10929,0.092509,0.46683,0.40548,0.71081,0.2761
0.42341,0.38486,0.010236,0.013213,0.054192,0.52046,0.60731,0.72229,0.10508,0.70545,0.72315,0.045259,0.13618,0.17831,0.52602,0.40246,0.47261,0.27206
0.39206,0.47071,0.013167,0.010521,0.046078,0.45265,0.79231,0.74428,0.2181,0.78356,0.59179,0.022869,0.20361,0.28621,0.56672,0.36408,0.28016,0.23483
0.345,0.50968,0.014084,0.0095948,0.090223,0.4581,0.86828,0.73239,0.36038,0.78251,0.4603,0.029087,0.25979,0.39605,0.58277,0.30017,0.16053,0.1845
0.28235,0.43941,0.015682,0.0096104,0.2365,0.54707,0.83436,0.71202,0.4959,0.79572,0.35549,0.074822,0.24095,0.43792,0.55703,0.20606,0.086833,0.14159
0.20166,0.29893,0.020235,0.0092042,0.44337,0.64177,0.72053,0.70082,0.58511,0.81529,0.29411,0.17409,0.1657,0.38698,0.46487,0.1132,0.046123,0.14221
0.14223,0.18766,0.031401,0.01252,0.6062,0.61326,0.58143,0.70718,0.62323,0.67603,0.27499,0.31615,0.1063,0.30395,0.30808,0.055378,0.027364,0.21449
0.11808,0.14844,0.066016,0.013794,0.59762,0.42793,0.47118,0.72728,0.6268,0.37034,0.30929,0.47272,0.09183,0.25276,0.15648,0.030505,0.023307,0.37292
0.1323,0.16954,0.14312,0.013511,0.54593,0.21111,0.4289,0.71473,0.61565,0.13321,0.40283,0.60969,0.11897,0.25676,0.062006,0.018899,0.020149,0.52884
0.16509,0.2492,0.25682,0.015293,0.60349,0.072393,0.4839,0.61436,0.57063,0.037746,0.5631,0.72061,0.20113,0.34151,0.02198,0.019141,0.010666,0.62528
0.20742,0.37241,0.38362,0.019953,0.72903,0.018399,0.65701,0.39464,0.4652,0.020239,0.72701,0.74398,0.38699,0.47714,0.0077188,0.047324,0.0077295,0.64646
0.2589,0.48958,0.48178,0.023569,0.69575,0.0076088,0.83709,0.15185,0.27712,0.033802,0.78421,0.65298,0.65622,0.51626,0.0052228,0.1271,0.0069417,0.66952
0.29823,0.50058,0.51729,0.021351,0.44434,0.0058808,0.81959,0.020249,0.071211,0.058548,0.62387,0.44012,0.8059,0.4092,0.0048686,0.24921,0.013219,0.73733
0.27981,0.33761,0.43637,0.015146,0.12914,0.0058194,0.55058,0.00084023,0.0084051,0.084041,0.30065,0.15889,0.59315,0.23619,0.0065839,0.37292,0.028758,0.6922
0.16471,0.12397,0.12926,0.0079971,0.0060049,0.0046285,0.11411,0,0.00060564,0.087896,0.059799,0.0085034,0.1643,0.10018,0.0095253,0.44599,0.047449,0.37868
0.029433,0.011154,0.014253,0.0014455,0.00052083,0.0020697,0.0028846,0,0,0.056517,0.0012854,0.00031649,0.0054039,0.02737,0.0064096,0.39918,0.059315,0.030541
0,0,0.0005565,0,0,0.00025987,0.00010954,0,0,0.012982,0,0,0,0.00446,0.00013236,0.17274,0.045202,9.7331e-05
0,0,0,0,0,0,0,0,0,0,0,0,0,4.8504e-05,0,0.0061863,0.0091582,0
0,0,0,0,0,0,0,0,0,0,0,0,0,0,0,0,0,0
0,0,0,4.7835e-05,0,0,0,0.0098151,0.00014889,0,0,0.0006042,0,0,0,0,0,0
0,0,9.7473e-05,0.00053314,0.0042763,0.00029465,0,0.057894,0.0014788,0,0,0.0098744,0,0.0005869,0.00068862,0,0,0
0.00018191,0.0033273,0.00041482,0.004673,0.039669,0.0019009,7.4488e-05,0.12727,0.0050982,0.00011396,0.0041947,0.11058,0.010985,0.0014915,0.0016965,0,0,0
0.018496,0.15283,0.002328,0.022756,0.11482,0.01377,0.0031694,0.20318,0.0080055,0.0010869,0.052699,0.33507,0.11537,0.0017559,0.0043231,0.00011723,0,0.0018062
0.1509,0.49048,0.0060036,0.041826,0.21315,0.073456,0.0085515,0.28193,0.00921,0.013453,0.18596,0.55175,0.26773,0.0029976,0.026612,0.0083598,0.0041094,0.022938
0.38526,0.72887,0.0109,0.05366,0.28716,0.219,0.03081,0.38027,0.011845,0.05754,0.39764,0.62178,0.36067,0.0061309,0.10046,0.075425,0.042203,0.092718
0.56772,0.68078,0.015379,0.056568,0.30504,0.42202,0.091223,0.50397,0.01799,0.1548,0.62265,0.51958,0.3493,0.014556,0.2544,0.234,0.29064,0.2193
0.60923,0.48181,0.015653,0.049515,0.26404,0.55806,0.22528,0.6312,0.040408,0.33327,0.76767,0.33687,0.27801,0.041201,0.44435,0.42979,0.65539,0.37066
0.56355,0.33398,0.014309,0.037959,0.18857,0.54222,0.44182,0.72063,0.099409,0.56021,0.77859,0.18221,0.2157,0.098728,0.56385,0.55361,0.82896,0.46955
0.52474,0.30017,0.014795,0.030223,0.11493,0.42619,0.67246,0.73103,0.22218,0.73281,0.66961,0.090587,0.20146,0.19858,0.58604,0.56299,0.6861,0.4897
0.5071,0.39146,0.017299,0.027488,0.066438,0.30448,0.83994,0.68408,0.39781,0.75959,0.50233,0.041786,0.25794,0.34145,0.56132,0.5013,0.40516,0.46427
0.50925,0.54533,0.019025,0.025847,0.054949,0.23363,0.88464,0.61214,0.57766,0.6599,0.33133,0.026845,0.37917,0.48807,0.53614,0.41411,0.20267,0.41173
0.49636,0.62074,0.018929,0.023195,0.11298,0.26342,0.7959,0.54393,0.71141,0.56598,0.20439,0.050137,0.44634,0.58394,0.54794,0.3355,0.098167,0.34602
0.43719,0.53354,0.023733,0.020473,0.28085,0.40329,0.62578,0.50277,0.77679,0.61991,0.13172,0.12996,0.37807,0.58086,0.57914,0.25428,0.050303,0.30075
0.33658,0.3591,0.047419,0.020382,0.49159,0.5754,0.43884,0.50905,0.78442,0.75793,0.098922,0.26555,0.23352,0.48064,0.53933,0.15982,0.028157,0.32007
0.24769,0.20903,0.10948,0.024659,0.60327,0.61074,0.29364,0.56452,0.76018,0.69842,0.089766,0.4343,0.11241,0.34312,0.39659,0.082447,0.024551,0.42813
0.21269,0.14676,0.22812,0.026643,0.56351,0.4531,0.21308,0.67092,0.74213,0.39637,0.10912,0.57822,0.066297,0.24944,0.21249,0.043922,0.025264,0.5805
0.22869,0.15168,0.37943,0.031872,0.52963,0.22972,0.21744,0.77662,0.74723,0.14241,0.18623,0.69324,0.067247,0.23798,0.083356,0.035448,0.02556,0.65997
0.26053,0.21832,0.53548,0.035458,0.61544,0.075911,0.31841,0.78494,0.75264,0.053861,0.35422,0.76269,0.12479,0.33576,0.029007,0.066507,0.015862,0.61858
0.3101,0.35341,0.65661,0.04341,0.72104,0.017759,0.5539,0.60354,0.68952,0.051836,0.59063,0.7793,0.30254,0.49382,0.0099582,0.16349,0.012268,0.54404
0.38016,0.52743,0.71106,0.055876,0.63816,0.00788,0.80681,0.28519,0.48829,0.089146,0.77736,0.70382,0.62554,0.54951,0.0063505,0.3156,0.021048,0.58475
0.44896,0.6263,0.69702,0.060938,0.37707,0.0065827,0.85083,0.05115,0.16235,0.14665,0.74612,0.48889,0.85229,0.44248,0.0067226,0.48389,0.045564,0.75984
0.43646,0.47934,0.55708,0.04175,0.10304,0.0065612,0.61304,0.0023467,0.020576,0.19452,0.43597,0.17866,0.68094,0.24122,0.01068,0.60144,0.083649,0.80553
0.26221,0.18683,0.16536,0.016891,0.003225,0.0058982,0.13701,0.00012492,0.00090007,0.19399,0.10284,0.010643,0.17532,0.093881,0.016707,0.62642,0.1278,0.4861
0.043107,0.014627,0.014304,0.0042268,0.00047891,0.0028933,0.0029342,0,0,0.12314,0.0021627,0.00014098,0.0044346,0.023974,0.012091,0.50241,0.14724,0.03902
1.2317e-05,0,0.00076505,0.00011045,0,0.00015551,0,0,0,0.028532,0.00025085,0,0,0.002903,0.0015203,0.20097,0.10757,0.00017741
0,0,0,0,0,0,0,0,0,4.4386e-05,0,0,0,0.00021342,0.0001726,0.0082104,0.018694,0
0,0,0,0,0,0,0,0,0,0,0,0,0,0,0,0,0,0
0,0,0,0,0,0,0,0.013088,5.2616e-05,0,0,0.00096097,0,0.00015521,0,0,0,0
0,0,0.00017568,0.00043834,0.0065951,0.00034888,0,0.089118,0.0020296,0,0,0.013451,0,0.00059781,0.00065553,0,0,0
0.00018191,0.00351,0.00040689,0.0060576,0.064587,0.0020196,0.00048636,0.1987,0.0075689,0.00065379,0.0080183,0.15092,0.019616,0.002846,0.001819,0,0,0
0.032131,0.18659,0.0048283,0.04743,0.18658,0.016337,0.0081981,0.30395,0.01504,0.0036277,0.099702,0.43791,0.18301,0.0038149,0.0044626,0.00041809,0,0.0038415
0.25148,0.57944,0.0098493,0.092582,0.32129,0.075152,0.030728,0.41488,0.023274,0.026142,0.31654,0.66083,0.39773,0.0053039,0.033898,0.0086275,0.0050598,0.054306
0.55795,0.77884,0.017216,0.11349,0.4086,0.22943,0.10178,0.55076,0.044735,0.10674,0.57262,0.67582,0.50219,0.010163,0.14816,0.0933,0.041129,0.20469
0.70314,0.65388,0.024389,0.11573,0.40603,0.42458,0.25019,0.6631,0.098631,0.26821,0.74789,0.50902,0.46124,0.028032,0.38266,0.30655,0.30473,0.42582
0.64374,0.40142,0.023803,0.10396,0.33035,0.48998,0.46953,0.70014,0.20658,0.50501,0.77268,0.29464,0.36043,0.089062,0.58303,0.56779,0.68231,0.59983
0.52146,0.24833,0.020967,0.083234,0.22371,0.39846,0.70311,0.64613,0.37478,0.70272,0.65624,0.1447,0.28201,0.21654,0.60431,0.69249,0.83658,0.65627
0.45882,0.24743,0.021207,0.069705,0.12376,0.26251,0.85719,0.54434,0.57314,0.71445,0.46999,0.065716,0.27218,0.38041,0.49145,0.62223,0.64312,0.62887
0.46298,0.39213,0.022777,0.06426,0.066718,0.16092,0.87277,0.42717,0.74184,0.57136,0.27821,0.034995,0.37433,0.53367,0.37436,0.45098,0.33339,0.58735
0.52862,0.60163,0.024849,0.061248,0.059359,0.11732,0.74791,0.32862,0.83662,0.38189,0.13877,0.03905,0.54869,0.61889,0.31502,0.31616,0.14024,0.54952
0.59366,0.68593,0.037373,0.058029,0.13303,0.16944,0.53464,0.27157,0.83732,0.31291,0.071126,0.089447,0.61075,0.64186,0.35842,0.26903,0.055535,0.52368
0.57467,0.5772,0.078627,0.055604,0.30705,0.32983,0.32276,0.2752,0.7714,0.47184,0.046858,0.20835,0.47846,0.60678,0.47935,0.25521,0.030236,0.51986
0.47361,0.36477,0.18463,0.05847,0.51289,0.53189,0.18229,0.33051,0.70136,0.71321,0.035514,0.38144,0.25946,0.49607,0.53508,0.1878,0.022582,0.56773
0.3624,0.18921,0.36649,0.070094,0.60903,0.59866,0.10613,0.41999,0.66552,0.69379,0.031422,0.55202,0.095877,0.34592,0.43205,0.10274,0.025924,0.66796
0.30214,0.1123,0.57087,0.082102,0.57921,0.45368,0.077348,0.55843,0.67204,0.40253,0.039351,0.65933,0.036937,0.25118,0.24301,0.070297,0.029319,0.70783
0.29225,0.10319,0.72602,0.098226,0.57943,0.22873,0.11617,0.73002,0.70467,0.1622,0.083652,0.70488,0.033266,0.25648,0.10064,0.10185,0.031308,0.61913
0.29756,0.15318,0.81555,0.11833,0.67608,0.07407,0.24932,0.84245,0.76543,0.094906,0.21374,0.73631,0.07752,0.36745,0.035007,0.22119,0.024398,0.44425
0.32475,0.281,0.82817,0.14411,0.70495,0.01818,0.52052,0.76556,0.80753,0.1323,0.45585,0.76284,0.25873,0.52316,0.01483,0.41238,0.032576,0.34994
0.41413,0.50106,0.7811,0.17414,0.54904,0.0086514,0.79173,0.43773,0.67022,0.21945,0.71442,0.6991,0.61305,0.55871,0.010461,0.61196,0.066889,0.46136
0.55962,0.69779,0.68268,0.18505,0.28695,0.0077388,0.83969,0.093912,0.26491,0.31784,0.79145,0.48505,0.87769,0.42967,0.015145,0.73289,0.13558,0.73513
0.60784,0.61359,0.52075,0.13996,0.067945,0.0088785,0.60579,0.0045685,0.039212,0.38418,0.55024,0.1743,0.70831,0.21401,0.029604,0.7431,0.22037,0.84159
0.38435,0.26178,0.15744,0.043701,0.0023059,0.008367,0.13829,0.00072869,0.0023039,0.34819,0.14191,0.010916,0.16386,0.076355,0.043626,0.65412,0.2841,0.5165
0.056263,0.016645,0.011441,0.0086807,0.00020317,0.0042991,0.0023004,0,6.3811e-05,0.20276,0.0031809,0.00035677,0.0026969,0.020527,0.035585,0.47054,0.29233,0.040918
0.00023402,0,0.0010371,0.00066012,0,0.00020258,0,0,0,0.04945,0.00023155,0,0,0.0024483,0.0099018,0.17933,0.20385,0.0003117
0,0,0,0,0,0,0,0,0,0.0009633,0,0,0,0.00016249,0.00027455,0.0063212,0.029145,0
0,0,0,0,1.6125e-05,0,0,0.00017251,0,0,0,0,0,0,0,0,0,0
0,0,0,0,2.2575e-05,0,0,0.013918,0.00047242,0,0,0.00054234,0,0.00030679,2.3252e-05,0,0,0
0,0,6.2337e-05,0.00072361,0.010496,0.00025475,0,0.13059,0.0052571,0,3.1171e-05,0.014984,0,0.0010974,0.00064659,0,0,0
0.00029561,0.0042029,0.0011583,0.0067986,0.10049,0.001637,0.0025399,0.27649,0.018431,0.00041867,0.012718,0.17824,0.028295,0.003998,0.0017046,0,0,0
0.052613,0.20837,0.0081492,0.10017,0.27409,0.015389,0.023415,0.41842,0.043695,0.0051284,0.16787,0.5259,0.25555,0.0052215,0.006626,0.00087872,0,0.0096801
0.36586,0.63553,0.015322,0.19657,0.43704,0.067156,0.090938,0.54852,0.086295,0.041121,0.44804,0.72932,0.52844,0.0079353,0.041801,0.011081,0.0046588,0.12225
0.69032,0.7879,0.023101,0.24172,0.51047,0.23194,0.24517,0.62907,0.1758,0.15121,0.69407,0.68547,0.61807,0.016443,0.20949,0.11998,0.03961,0.37688
0.74088,0.60658,0.030024,0.25227,0.47583,0.40561,0.47064,0.62359,0.31858,0.36163,0.77552,0.47206,0.52614,0.058663,0.49284,0.39787,0.3092,0.64285
0.5673,0.32881,0.030617,0.23943,0.36711,0.41366,0.69943,0.53216,0.50682,0.59218,0.68744,0.24771,0.38199,0.18912,0.61483,0.69537,0.6993,0.7578
0.38623,0.19016,0.029991,0.22069,0.22381,0.29569,0.85187,0.40157,0.69305,0.65425,0.4958,0.10928,0.28107,0.38913,0.49512,0.74383,0.82795,0.69261
0.30658,0.23466,0.033091,0.2068,0.11511,0.17325,0.8548,0.27029,0.81623,0.51063,0.29526,0.049258,0.28956,0.56739,0.29874,0.5317,0.60376,0.58695
0.34491,0.43264,0.04295,0.2049,0.058272,0.099391,0.70817,0.16689,0.82507,0.29681,0.14745,0.041817,0.46318,0.62301,0.17096,0.28951,0.28468,0.54874
0.48197,0.6583,0.07409,0.20287,0.058917,0.081171,0.48205,0.13114,0.73587,0.15045,0.071936,0.072913,0.67904,0.58881,0.14372,0.17771,0.099616,0.57673
0.64448,0.7291,0.16241,0.20928,0.14043,0.14623,0.26773,0.1608,0.60845,0.17953,0.040495,0.1627,0.71776,0.56404,0.24437,0.20111,0.036999,0.64994
0.69264,0.58712,0.34265,0.21827,0.3143,0.31925,0.13441,0.24371,0.51711,0.42893,0.029559,0.31894,0.51505,0.5459,0.42701,0.24268,0.021348,0.72461
0.60564,0.34134,0.58095,0.24073,0.52338,0.5231,0.069886,0.33956,0.50283,0.70476,0.025235,0.50634,0.24969,0.46855,0.52101,0.19716,0.022393,0.79789
0.45848,0.14907,0.78229,0.27423,0.63344,0.58555,0.044427,0.42171,0.53227,0.68723,0.0207,0.6487,0.072816,0.35466,0.43313,0.13557,0.030637,0.81069
0.34422,0.071663,0.88872,0.30797,0.63918,0.43254,0.046308,0.50906,0.55432,0.40658,0.021969,0.69355,0.021463,0.28808,0.25119,0.1661,0.038486,0.69223
0.27715,0.059844,0.90296,0.33328,0.6673,0.21558,0.10645,0.65084,0.57378,0.21588,0.047295,0.68852,0.020159,0.32327,0.10975,0.31791,0.042716,0.4698
0.23672,0.092792,0.83655,0.36181,0.72256,0.069578,0.2727,0.81852,0.67143,0.22085,0.15264,0.69965,0.069965,0.44028,0.043864,0.5548,0.056236,0.29296
0.24047,0.20109,0.71719,0.38713,0.65788,0.018507,0.56183,0.84763,0.80949,0.32655,0.37201,0.72775,0.27697,0.55135,0.028314,0.75671,0.11013,0.27388
0.35182,0.44524,0.58963,0.40732,0.44469,0.011124,0.80969,0.57363,0.76669,0.46154,0.66053,0.66252,0.6552,0.53693,0.035824,0.8371,0.21779,0.45823
0.60165,0.72607,0.46993,0.40363,0.19783,0.011714,0.81532,0.13961,0.34996,0.56378,0.79933,0.44347,0.89512,0.37411,0.067526,0.78101,0.3355,0.74767
0.7404,0.71893,0.31601,0.32584,0.040688,0.013034,0.53342,0.00798,0.058529,0.58075,0.62017,0.15526,0.67054,0.16791,0.1148,0.63486,0.43788,0.81617
0.49556,0.32579,0.096327,0.10558,0.0014641,0.012962,0.11531,0.00064988,0.0035521,0.47052,0.17051,0.010177,0.12634,0.056178,0.13931,0.47476,0.48161,0.4695
0.064966,0.01875,0.0068265,0.019476,0.00035475,0.0090013,0.0019352,0,0.00025636,0.2526,0.0028247,0.00039993,0.0015269,0.01582,0.11274,0.30283,0.45391,0.035335
0.00049647,0,0.0010087,0.002203,0,0.0020452,0,0,0,0.054547,0,0,0,0.0023173,0.034555,0.10618,0.30344,0.00021068
0,0,0,0.00010176,0,0,0,0,0,0.0012776,0,0,0,0.00017098,0.00041764,0.0023893,0.043361,0
0,0,0,0,0.0003483,0,0,0.00037773,0,0,0,0,0,0,0,0,0,0
0,0,0,0,0.00054663,0,0,0.013688,0.00081611,0,0,0.00016688,0,0.00012611,0.00013772,0,0,0
0,0,0.00043636,0.0013281,0.01474,0.00010026,0,0.1692,0.016572,0,0.00031764,0.013639,0,0.0017862,0.00080309,0,0,0
0.00076271,0.0043681,0.0031781,0.010998,0.14273,0.0010026,0.0049688,0.35388,0.054649,0.00022313,0.01705,0.19118,0.034866,0.0052494,0.0015391,0,0,0
0.073786,0.21684,0.013087,0.1768,0.3779,0.0095292,0.058609,0.50625,0.12692,0.0031934,0.23558,0.56886,0.32357,0.007637,0.0081696,0.0011329,0,0.025713
0.46267,0.65358,0.021768,0.35192,0.54904,0.050471,0.20603,0.57579,0.24101,0.045539,0.55906,0.75977,0.6425,0.011911,0.047932,0.01627,0.0029743,0.22891
0.75702,0.78248,0.032183,0.44103,0.58948,0.22162,0.43825,0.5397,0.40635,0.17459,0.7558,0.67769,0.69529,0.032942,0.27297,0.15413,0.037403,0.56991
0.70546,0.58162,0.041263,0.47902,0.50082,0.38253,0.67432,0.43269,0.58817,0.39917,0.74629,0.45106,0.54181,0.12317,0.5511,0.49788,0.3147,0.79149
0.46113,0.31105,0.046959,0.48713,0.35598,0.36658,0.83155,0.29808,0.73403,0.5457,0.5875,0.23439,0.34779,0.32892,0.56854,0.76427,0.71003,0.74886
0.26286,0.19848,0.058783,0.49438,0.20141,0.24215,0.84445,0.17557,0.7958,0.47329,0.37716,0.10782,0.24324,0.55337,0.35848,0.68507,0.81962,0.55085
0.19348,0.27751,0.085494,0.5189,0.096403,0.13673,0.70095,0.098316,0.72358,0.27146,0.20577,0.064231,0.30315,0.64082,0.16313,0.38975,0.57639,0.40475
0.26184,0.49333,0.16082,0.55978,0.052088,0.083945,0.48,0.079008,0.56587,0.10862,0.10693,0.08457,0.54148,0.5589,0.083787,0.16242,0.25743,0.37612
0.44376,0.70578,0.32211,0.60414,0.064941,0.083435,0.26673,0.12309,0.40819,0.060884,0.055263,0.1554,0.76331,0.4446,0.10999,0.11653,0.08315,0.47218
0.65833,0.73965,0.56658,0.64779,0.14366,0.16417,0.1269,0.22148,0.34138,0.1632,0.034386,0.28619,0.75545,0.43474,0.2478,0.18965,0.030589,0.66418
0.75404,0.56982,0.79492,0.68053,0.31493,0.34371,0.067457,0.35447,0.38083,0.44605,0.027044,0.45438,0.51538,0.47863,0.43502,0.24794,0.020517,0.82286
0.67791,0.31091,0.91628,0.70122,0.53822,0.53556,0.040178,0.4626,0.46366,0.71563,0.021781,0.61462,0.22127,0.46445,0.51494,0.2355,0.024764,0.89896
0.4891,0.11288,0.94897,0.70611,0.67993,0.57058,0.032277,0.50815,0.51306,0.67972,0.017006,0.69645,0.054199,0.39695,0.42317,0.2769,0.042547,0.83323
0.30696,0.044241,0.89471,0.70129,0.72073,0.40518,0.051841,0.52913,0.4896,0.46217,0.018578,0.68862,0.015443,0.36502,0.25946,0.46657,0.066572,0.63068
0.19081,0.032037,0.75117,0.69312,0.74831,0.19603,0.141,0.6106,0.47416,0.39075,0.03891,0.65842,0.02175,0.41258,0.14304,0.71728,0.11232,0.41794
0.12658,0.050019,0.56756,0.68182,0.72994,0.067092,0.35489,0.7729,0.58431,0.48732,0.13181,0.67068,0.10288,0.50044,0.11045,0.87756,0.20713,0.30889
0.1372,0.1465,0.40736,0.67164,0.57744,0.020496,0.64811,0.87043,0.77463,0.62353,0.34171,0.68977,0.36081,0.55643,0.1405,0.87429,0.35224,0.36483
0.28843,0.40538,0.28784,0.65921,0.33352,0.015036,0.83538,0.66478,0.78466,0.70924,0.63752,0.60714,0.7418,0.47122,0.19472,0.72773,0.49014,0.57669
0.6126,0.73635,0.1994,0.61953,0.12498,0.020174,0.75797,0.18169,0.38642,0.71014,0.79993,0.38378,0.88597,0.28984,0.25593,0.5228,0.58971,0.77904
0.81788,0.78261,0.11602,0.48778,0.024782,0.025873,0.41576,0.014074,0.067838,0.62962,0.63198,0.13024,0.56868,0.11855,0.30435,0.34317,0.63235,0.73009
0.54544,0.36439,0.035931,0.16561,0.00068853,0.029001,0.079349,0.0016195,0.0037122,0.45553,0.18082,0.0094472,0.082279,0.038213,0.30518,0.21418,0.60739,0.36183
0.068143,0.020424,0.004486,0.029162,0.00035475,0.019656,0.0014868,0,1.9031e-05,0.22464,0.0024358,0.00018702,0.00075844,0.010034,0.22634,0.11834,0.52286,0.026683
0.000541,0,0.00078658,0.0046356,0,0.0066113,0,0,0,0.039606,0.00021374,0,0,0.0016625,0.071977,0.037276,0.33382,0.00012936
0,0,0,0.00017742,0,0.00036627,0,0,0,0.00014755,0,0,0,0.00013945,0.00075033,0.0013757,0.051271,0
0,0,0,0,0.0003483,0,0,0,0,0,0,0,0,0,0,0,0,0
0,0,0.00014508,0.00027135,0.001111,0,0,0.013261,0.0012438,0,0,2.7333e-05,0,0,0.00016366,0,0,0
0,0,0.00094526,0.0019621,0.021037,0,0,0.19029,0.042001,0,0.00037553,0.012168,0,0.0015849,0.00041586,0,0,0
0.0019243,0.0042751,0.0056171,0.013134,0.18336,0.0006732,0.008442,0.39903,0.13457,0.00019434,0.018367,0.18096,0.036858,0.0067142,0.0012529,0,0,4.9281e-06
0.0878,0.20566,0.020779,0.24604,0.46966,0.0078616,0.12231,0.50107,0.27587,0.0030998,0.27257,0.55457,0.36886,0.013955,0.0074085,0.0010416,0,0.048505
0.50668,0.62978,0.038576,0.48567,0.64052,0.042525,0.36044,0.47993,0.44707,0.040088,0.61681,0.75318,0.71396,0.022918,0.049737,0.018255,0.0018203,0.35727
0.76671,0.7718,0.062216,0.61988,0.63133,0.20996,0.62227,0.3677,0.61519,0.18872,0.77248,0.68475,0.73812,0.063143,0.31229,0.18922,0.033022,0.72528
0.66439,0.59184,0.092053,0.68482,0.48645,0.36295,0.8025,0.2353,0.7283,0.39563,0.71813,0.48351,0.5278,0.20631,0.5661,0.56575,0.31988,0.82088
0.40712,0.34515,0.132,0.72265,0.31045,0.34559,0.83978,0.12981,0.72707,0.4407,0.52076,0.28945,0.31174,0.45987,0.51734,0.76137,0.7187,0.61859
0.22678,0.26022,0.20456,0.75449,0.1547,0.23318,0.72618,0.070066,0.60037,0.29643,0.31051,0.17786,0.23836,0.6252,0.29431,0.59181,0.81357,0.3563
0.18722,0.34971,0.34205,0.79665,0.07282,0.1398,0.51036,0.059381,0.41251,0.12318,0.16719,0.15758,0.35719,0.58243,0.14308,0.28502,0.55994,0.21685
0.27132,0.54094,0.54807,0.84514,0.045213,0.10147,0.29129,0.098701,0.25735,0.047394,0.087601,0.20606,0.61867,0.40503,0.11669,0.11379,0.2433,0.22812
0.44754,0.71921,0.76948,0.88104,0.071206,0.11594,0.14057,0.19706,0.20166,0.06393,0.045981,0.31221,0.80207,0.30079,0.19147,0.12504,0.083092,0.39036
0.6405,0.73252,0.90899,0.90333,0.15249,0.21183,0.074029,0.35307,0.28287,0.21013,0.031484,0.4575,0.75836,0.35443,0.35021,0.23262,0.039146,0.64896
0.75214,0.55514,0.95434,0.91173,0.33359,0.38994,0.048977,0.50618,0.42778,0.51963,0.026408,0.58416,0.5076,0.45949,0.50024,0.33188,0.038141,0.84536
0.69486,0.2878,0.92874,0.9076,0.57693,0.55266,0.037232,0.57645,0.535,0.74098,0.020512,0.66945,0.2155,0.49092,0.54386,0.43606,0.062426,0.89959
0.49261,0.095064,0.80111,0.89048,0.73835,0.5485,0.038929,0.55142,0.51931,0.71431,0.015529,0.67816,0.058614,0.46339,0.47838,0.64094,0.12126,0.80584
0.27423,0.027852,0.57727,0.8586,0.79319,0.36913,0.083498,0.51917,0.42886,0.64057,0.017502,0.64462,0.023398,0.44134,0.38831,0.84926,0.22497,0.65224
0.13005,0.017129,0.35502,0.82163,0.79033,0.17386,0.22445,0.57387,0.41099,0.68749,0.040966,0.62001,0.051966,0.47908,0.35374,0.92155,0.36659,0.52541
0.071238,0.029657,0.2067,0.78041,0.69397,0.065564,0.48413,0.73209,0.55755,0.77013,0.13944,0.6442,0.1952,0.53099,0.38054,0.82993,0.52401,0.48601
0.10833,0.12143,0.12985,0.74547,0.48136,0.032843,0.75724,0.85921,0.76613,0.78915,0.35826,0.65364,0.51533,0.5115,0.43332,0.61405,0.65553,0.56662
0.31272,0.39991,0.090397,0.71058,0.24149,0.040461,0.83705,0.6972,0.74181,0.73174,0.65496,0.55719,0.83711,0.36968,0.48517,0.36627,0.73261,0.70356
0.66415,0.75273,0.062042,0.65855,0.084699,0.060318,0.64465,0.20932,0.36335,0.6216,0.79822,0.33121,0.82264,0.19429,0.51762,0.18763,0.73635,0.74905
0.83604,0.80509,0.033261,0.5061,0.01752,0.073181,0.27823,0.019232,0.060779,0.4854,0.60056,0.10943,0.41275,0.067579,0.51743,0.10044,0.66735,0.56304
0.51095,0.36199,0.011834,0.16651,0.00058695,0.071739,0.041805,0.0017399,0.0030226,0.32047,0.16718,0.0072965,0.041962,0.020679,0.45101,0.058482,0.57065,0.23373
0.060285,0.020615,0.0026692,0.023162,0.00014835,0.046581,0.00070398,0,0,0.13819,0.0025026,4.028e-05,0.00023757,0.0048225,0.29502,0.030089,0.46864,0.017338
0.0004112,0,0.00028335,0.0036485,0,0.015692,0,0,0,0.019066,0.00033842,0,0,0.0013933,0.088475,0.0084936,0.29936,4.9281e-06
0,0,0,0,0,0.0020902,0,0,0,0.00038628,0,0,0,0,0.0017895,0.00072207,0.057182,0
0,0,0,0,1.4512e-05,0,0,0,0,0,0,0,0,0,0,0,0,0
0,0,0.00032529,0.00044182,0.00099168,0,0,0.010907,0.0017475,0,0,0,0,2.6677e-05,0.00010911,0,0,0
0,0,0.00098719,0.0022491,0.023215,1.5347e-05,0,0.17544,0.081548,0,0.00033397,0.010635,0,0.0012963,0.00014309,0,0,0
0.0018078,0.004471,0.0068786,0.013744,0.21507,0.0011285,0.016233,0.36373,0.24641,0.00023033,0.017613,0.15079,0.033914,0.0081342,0.0017457,0,0,0.00018111
0.088403,0.1792,0.057121,0.25473,0.54205,0.010297,0.21536,0.40685,0.43966,0.0023321,0.27145,0.47969,0.38373,0.018443,0.0089789,0.0008476,0.00012156,0.08179
0.49887,0.57605,0.12087,0.50403,0.7037,0.047838,0.51753,0.33026,0.60613,0.031632,0.61557,0.70283,0.74267,0.035693,0.053874,0.018734,0.0012977,0.48282
0.7521,0.74366,0.19512,0.63375,0.64919,0.20477,0.75501,0.20617,0.69094,0.20421,0.7691,0.70255,0.7611,0.10103,0.32472,0.22504,0.030528,0.80636
0.65899,0.61598,0.28742,0.68671,0.4549,0.35658,0.8375,0.10905,0.65505,0.37443,0.70059,0.57101,0.5387,0.29072,0.57457,0.6023,0.32386,0.77368
0.41916,0.41485,0.40217,0.70795,0.25511,0.36642,0.7701,0.061634,0.50805,0.3499,0.50162,0.43515,0.33079,0.53025,0.53692,0.72756,0.71903,0.47828
0.26776,0.33924,0.55263,0.72095,0.1144,0.27969,0.57969,0.050702,0.32145,0.19716,0.2993,0.359,0.30346,0.60141,0.36916,0.51791,0.81549,0.22131
0.26158,0.40616,0.73074,0.73759,0.056479,0.20587,0.34195,0.074084,0.17499,0.081439,0.15857,0.36286,0.45318,0.46907,0.28613,0.25616,0.56339,0.13699
0.34843,0.54789,0.87326,0.75293,0.053525,0.17648,0.16994,0.15407,0.11253,0.064597,0.081633,0.43367,0.67004,0.28933,0.32084,0.15069,0.25828,0.21882
0.47521,0.69691,0.93677,0.75502,0.098815,0.2002,0.086207,0.30971,0.17325,0.14103,0.047083,0.53704,0.79494,0.23744,0.43873,0.22927,0.12083,0.45797
0.5959,0.71516,0.91766,0.74183,0.20483,0.29787,0.059815,0.49741,0.34403,0.35768,0.031224,0.61858,0.74432,0.33453,0.58171,0.413,0.10196,0.72308
0.70043,0.55692,0.8048,0.71926,0.41622,0.45568,0.045164,0.61114,0.52481,0.65783,0.024163,0.65796,0.5246,0.45483,0.67534,0.60272,0.14511,0.8358
0.69066,0.29821,0.59623,0.69066,0.65052,0.57385,0.042647,0.59027,0.57724,0.81105,0.01867,0.64155,0.26424,0.49894,0.70079,0.78153,0.24369,0.79426
0.54467,0.10071,0.35002,0.65553,0.79535,0.53135,0.067249,0.48542,0.48002,0.83461,0.012836,0.60512,0.11214,0.49233,0.6968,0.90771,0.3958,0.69732
0.34421,0.023626,0.16958,0.61333,0.82659,0.36396,0.16215,0.43363,0.36867,0.84986,0.016485,0.56969,0.083197,0.47375,0.68872,0.89383,0.56299,0.63712
0.19349,0.010512,0.085462,0.57711,0.78406,0.20652,0.37158,0.51493,0.40897,0.84259,0.054008,0.57603,0.16427,0.49604,0.69256,0.72762,0.70597,0.62434
0.1384,0.025521,0.051868,0.5525,0.63434,0.13594,0.65349,0.70915,0.61046,0.78098,0.17236,0.6213,0.38322,0.50319,0.70812,0.45884,0.80245,0.64312
0.21455,0.13471,0.039331,0.54279,0.40399,0.13305,0.84181,0.83696,0.77464,0.6537,0.42504,0.61949,0.7061,0.41441,0.70357,0.21313,0.82755,0.69023
0.45851,0.4501,0.032823,0.53328,0.19532,0.15704,0.77795,0.67087,0.64786,0.50122,0.70136,0.51142,0.87053,0.24942,0.6825,0.075336,0.76149,0.69925
0.75067,0.78961,0.023159,0.49925,0.072778,0.17832,0.46892,0.20691,0.28723,0.36904,0.78644,0.29349,0.6793,0.10831,0.64454,0.035714,0.63782,0.60094
0.78365,0.78918,0.01092,0.38189,0.018921,0.18545,0.15236,0.023106,0.044409,0.26596,0.52261,0.093531,0.23885,0.033684,0.58646,0.023897,0.52288,0.3633
0.4068,0.32186,0.0042514,0.11522,0.0024526,0.16063,0.017874,0.0023913,0.0016591,0.15903,0.13274,0.0055601,0.016354,0.010391,0.4807,0.015475,0.43091,0.11916
0.044587,0.019978,0.0013805,0.011552,0,0.095253,4.0895e-05,0,0,0.05864,0.0020573,0,3.4576e-05,0.0027623,0.29491,0.0067185,0.34546,0.0084148
0.00028708,0,2.9468e-05,0.0018664,0,0.031337,0,0,0,0.0061469,0.00015437,0,0,0.00085974,0.079197,0.0016776,0.2176,0
0,0,0,0,0,0.0030376,0,0,0,0.00035749,0,0,0,0,0.0016268,0.00016703,0.047799,0
0,0,0,0,0,0,0,0,0,0,0,0,0,0,0,0,0,0
0,0,0.00095092,6.175e-05,0.0011529,0,0,0.009482,0.0030943,0,0,0,0,0.00027162,0.00020301,0,0,0
0,0,0.0014836,0.0016525,0.018977,2.4555e-05,0,0.14087,0.12007,0,0.00023749,0.0060449,0,0.002082,0.00022894,0,0,0
0.0015245,0.0035286,0.0086558,0.011584,0.22279,0.0014733,0.023912,0.26976,0.34299,0.00014635,0.015088,0.10271,0.029023,0.0084773,0.0020516,0,0,0.0011581
0.074481,0.14467,0.15359,0.17691,0.57468,0.016319,0.30234,0.27628,0.54545,0.0029619,0.23061,0.36646,0.35661,0.024115,0.013221,0.0008891,0.00029838,0.11118
0.44152,0.4884,0.32001,0.3527,0.74147,0.067099,0.63767,0.19654,0.64194,0.028396,0.57278,0.58697,0.71797,0.052399,0.070239,0.017962,0.0007499,0.57523
0.70987,0.67988,0.45176,0.43246,0.66873,0.20727,0.81558,0.10699,0.60125,0.22302,0.74525,0.679,0.76916,0.14881,0.30826,0.25317,0.025864,0.83076
0.66389,0.61444,0.58054,0.44872,0.44571,0.36013,0.822,0.057177,0.45661,0.36871,0.71027,0.66333,0.58302,0.35832,0.56555,0.62054,0.32086,0.70667
0.47088,0.46107,0.70869,0.4349,0.23926,0.41946,0.68747,0.041677,0.27994,0.32008,0.52345,0.62061,0.40842,0.55125,0.61212,0.71052,0.71056,0.39672
0.35457,0.38401,0.8244,0.41311,0.11354,0.38638,0.45066,0.054004,0.14342,0.18617,0.3208,0.5995,0.41339,0.54352,0.55653,0.51906,0.8217,0.19896
0.36032,0.41193,0.89002,0.38213,0.08115,0.34835,0.23787,0.10373,0.076035,0.13584,0.16808,0.62868,0.53947,0.3846,0.56254,0.33622,0.61629,0.18688
0.41346,0.50081,0.87716,0.34521,0.11344,0.3356,0.11426,0.23077,0.092307,0.19258,0.087477,0.67588,0.66591,0.24852,0.6408,0.33314,0.372,0.36219
0.45509,0.6384,0.77715,0.30034,0.20178,0.36681,0.074063,0.42764,0.21048,0.36494,0.04761,0.69739,0.73373,0.24039,0.74209,0.50048,0.28727,0.62389
0.48634,0.69288,0.58398,0.2589,0.35768,0.44868,0.059565,0.59727,0.41759,0.61984,0.029902,0.6719,0.71935,0.33069,0.81597,0.70988,0.33012,0.77125
0.56455,0.58524,0.34786,0.2307,0.5589,0.57136,0.054946,0.62481,0.58888,0.82606,0.020858,0.61055,0.59007,0.41504,0.84521,0.85833,0.44859,0.71393
0.64057,0.3532,0.1669,0.21898,0.72996,0.63908,0.074367,0.50103,0.5855,0.90526,0.014319,0.532,0.4025,0.45625,0.84501,0.90256,0.59657,0.56467
0.6179,0.13732,0.077315,0.22201,0.82185,0.60283,0.14797,0.36065,0.45139,0.91939,0.012706,0.4812,0.27185,0.46226,0.83683,0.80754,0.73856,0.49288
0.51053,0.037713,0.037998,0.23094,0.80579,0.50007,0.31903,0.33456,0.38808,0.85178,0.023213,0.4733,0.26875,0.45474,0.81348,0.58131,0.84395,0.50341
0.40568,0.01406,0.02422,0.24565,0.73597,0.41487,0.58064,0.48228,0.51535,0.69745,0.083601,0.52512,0.39911,0.44772,0.77049,0.30963,0.87575,0.55122
0.37467,0.0442,0.019188,0.26131,0.57699,0.38425,0.81436,0.71113,0.71451,0.51076,0.24885,0.59754,0.63894,0.39134,0.70492,0.10869,0.82068,0.5885
0.46883,0.20797,0.018329,0.2814,0.36489,0.38708,0.83644,0.80656,0.7427,0.34132,0.53038,0.6055,0.83438,0.26595,0.63784,0.028006,0.68757,0.59066
0.65814,0.55165,0.018346,0.29719,0.19013,0.39415,0.61486,0.59891,0.50353,0.22099,0.75975,0.48838,0.78143,0.1373,0.57637,0.015696,0.52993,0.52199
0.7837,0.83201,0.013629,0.28717,0.085555,0.39352,0.27765,0.17528,0.19127,0.14782,0.73906,0.27985,0.45104,0.051573,0.52153,0.013706,0.40887,0.36761
0.63438,0.71656,0.0073444,0.21292,0.027457,0.36901,0.065744,0.02049,0.028557,0.1015,0.41269,0.088196,0.10278,0.016896,0.46903,0.011444,0.32163,0.18278
0.2706,0.25573,0.0028494,0.056673,0.0037571,0.29152,0.0062395,0.002076,0.0025468,0.056133,0.090091,0.006288,0.0041904,0.0060497,0.38102,0.0078462,0.26598,0.05135
0.028207,0.016504,0.0011062,0.0039537,0.00041118,0.16558,0,0,0,0.020036,0.0021152,0.00020284,0,0.0021257,0.23029,0.0029184,0.21297,0.0026883
0.00014402,0,0,0.00033658,0,0.053032,0,0,0,0.0024568,0.00016179,0,0,0.00097372,0.062068,0.00032265,0.13743,0
0,0,0,0,0,0.0063586,0,0,0,0.00022913,0,0,0,0,0.0013898,0,0.03316,0
0,0,0,0,0,0,0,0,0,0,0,0,0,0,0,0,0,0
0,0,0.00047263,0,0.00065467,0,0,0.0067382,0.0042955,0,0,0,0,2.6677e-05,5.3659e-06,0,0,0
0,0,0.0013998,0.00079666,0.014117,5.1155e-06,1.3145e-05,0.093007,0.142,0,0,0.0025377,0,0.0016867,8.4066e-05,0,0,0
0.0010631,0.0032298,0.011036,0.0095165,0.20001,0.00085225,0.025364,0.16792,0.39309,8.9972e-05,0.010656,0.05399,0.024253,0.0089939,0.0019353,0,0,0.0020526
0.054014,0.10806,0.26691,0.07428,0.53716,0.021106,0.34221,0.16381,0.54593,0.0042875,0.17012,0.22577,0.29529,0.033701,0.015938,0.00079676,0,0.12287
0.34951,0.38167,0.51717,0.15243,0.74266,0.08764,0.6801,0.10933,0.5472,0.036382,0.4803,0.42451,0.64224,0.080271,0.076362,0.016014,0.00038521,0.61038
0.62566,0.56762,0.66145,0.18393,0.70249,0.21201,0.83631,0.05611,0.42461,0.24287,0.70042,0.56303,0.7433,0.2043,0.25386,0.25845,0.023209,0.82196
0.64274,0.55069,0.76409,0.17831,0.51823,0.36361,0.80489,0.035943,0.26516,0.39235,0.73386,0.64127,0.62384,0.40326,0.48991,0.62314,0.31042,0.67374
0.51365,0.44947,0.8159,0.15286,0.33116,0.46275,0.62855,0.037388,0.137,0.36993,0.59102,0.69372,0.49906,0.54574,0.61402,0.73596,0.69172,0.39952
0.42982,0.37928,0.80472,0.12329,0.22795,0.50779,0.39919,0.062864,0.073044,0.30019,0.38677,0.73165,0.51027,0.50892,0.65244,0.62588,0.83498,0.27615
0.41436,0.36993,0.71797,0.095,0.23094,0.52278,0.21956,0.14167,0.062428,0.32666,0.20723,0.74907,0.55711,0.36542,0.69291,0.54415,0.74095,0.35728
0.4065,0.42107,0.55639,0.06965,0.30694,0.54278,0.13068,0.30247,0.11072,0.46555,0.10864,0.73424,0.56997,0.25305,0.73552,0.62004,0.59847,0.56799
0.36106,0.53669,0.35559,0.047518,0.42564,0.58611,0.099488,0.51392,0.25162,0.66032,0.056765,0.67082,0.59836,0.24378,0.75453,0.76838,0.58654,0.72863
0.32432,0.64208,0.17554,0.035852,0.57688,0.65384,0.095698,0.63633,0.46504,0.83277,0.033011,0.56353,0.64934,0.28716,0.74898,0.85576,0.66188,0.68564
0.37597,0.62627,0.074789,0.037994,0.70327,0.72709,0.11927,0.57577,0.61844,0.90683,0.021926,0.45455,0.66511,0.33014,0.72666,0.83533,0.7604,0.47284
0.50507,0.4549,0.039329,0.044833,0.7688,0.76953,0.18984,0.40333,0.6045,0.91005,0.017709,0.37148,0.60797,0.36433,0.68748,0.68261,0.83773,0.3074
0.61991,0.23896,0.026567,0.057165,0.7562,0.76336,0.33288,0.27654,0.51375,0.81903,0.022182,0.34941,0.55055,0.37753,0.62076,0.43729,0.86608,0.26328
0.65653,0.097129,0.016027,0.071959,0.71849,0.72562,0.56283,0.30605,0.53292,0.61001,0.052984,0.38406,0.57195,0.35887,0.5336,0.20277,0.82442,0.29157
0.64392,0.055789,0.010088,0.083233,0.65833,0.68412,0.79325,0.51452,0.67338,0.37128,0.15997,0.47751,0.68096,0.31639,0.44694,0.06247,0.7037,0.33511
0.65233,0.12615,0.010277,0.091435,0.53303,0.65264,0.86235,0.73484,0.74881,0.20112,0.3946,0.57666,0.80417,0.2276,0.37866,0.015438,0.52656,0.35877
0.70542,0.35947,0.011343,0.10491,0.36081,0.63412,0.70294,0.75696,0.60724,0.10875,0.6653,0.59895,0.78169,0.13103,0.32709,0.0084459,0.37108,0.33933
0.75081,0.68709,0.01147,0.12076,0.21472,0.61046,0.38647,0.48478,0.32707,0.060259,0.79079,0.48471,0.55405,0.060758,0.29378,0.0089719,0.26053,0.26764
0.67052,0.83849,0.0088541,0.12278,0.11138,0.57925,0.12346,0.13073,0.10446,0.038494,0.63088,0.27409,0.21693,0.023932,0.27559,0.0081658,0.19113,0.16712
0.42453,0.58156,0.0050708,0.085257,0.036202,0.51797,0.021756,0.014226,0.016969,0.027748,0.2799,0.082885,0.03128,0.009736,0.25892,0.0068773,0.15506,0.07589
0.15162,0.17728,0.0020118,0.019739,0.0030234,0.39578,0.0017716,0.0011139,0.002464,0.015805,0.053357,0.0075482,0.0010172,0.0046128,0.21757,0.0045171,0.13176,0.020942
0.015712,0.011517,0.0011413,0.0010741,0.00041118,0.21888,0,0,0,0.0058338,0.001468,0.00040424,0,0.0023609,0.12807,0.0012698,0.11164,0.00086735
5.6848e-06,0,2.1535e-05,0,0,0.067326,0,0,0,0.001136,0.00046459,0,0,0.00089369,0.035957,2.0749e-06,0.074949,0
0,0,6.6871e-05,0,0,0.008721,0,0,0,6.5979e-05,0,0,0,0,0.00032195,0,0.018334,0
0,0,0,0,0,0,0,0,0,0,0,0,0,0,0,0,0,0
0,0,1.4734e-05,0,9.5137e-05,0,0,0.0027557,0.0045698,0,0,0,0,0,0,0,0,0
0,0,0.00076618,0.00041573,0.0083011,0,0.00044255,0.049138,0.14163,0,0.00011281,0.0011422,0,0.0013945,0,0,0,0
0.00091336,0.0026914,0.011275,0.0068212,0.15418,0.0010906,0.025901,0.091191,0.36541,0.00049185,0.0068234,0.021356,0.016672,0.012856,0.0020194,0,0,0.0019688
0.038984,0.078181,0.28002,0.020098,0.44957,0.023548,0.32066,0.08619,0.45565,0.011675,0.10731,0.1134,0.22014,0.047443,0.015111,0.00065982,0,0.11793
0.25438,0.26663,0.54762,0.038314,0.67121,0.092853,0.65056,0.054594,0.38621,0.064627,0.35332,0.2395,0.52799,0.10947,0.072312,0.012878,0.00020208,0.57618
0.49692,0.42004,0.66872,0.047163,0.73246,0.19826,0.8232,0.029646,0.24876,0.27799,0.60676,0.3572,0.6661,0.24802,0.17857,0.22652,0.019507,0.78762
0.5658,0.43296,0.68822,0.043264,0.63865,0.33083,0.79928,0.024316,0.1326,0.46155,0.72942,0.46117,0.61328,0.43071,0.32023,0.59715,0.2718,0.68256
0.49637,0.37383,0.63501,0.035027,0.52968,0.45097,0.6427,0.038903,0.073493,0.51037,0.6718,0.5412,0.54289,0.54169,0.42628,0.76715,0.6336,0.49699
0.431,0.31724,0.52246,0.027275,0.47802,0.54001,0.45387,0.077032,0.057443,0.52135,0.49542,0.58747,0.52175,0.49927,0.47271,0.75044,0.8184,0.44714
0.38776,0.28954,0.36342,0.021583,0.50742,0.59682,0.30794,0.17543,0.068011,0.59127,0.30887,0.58534,0.47797,0.36514,0.48672,0.73471,0.82861,0.56087
0.32225,0.31021,0.20679,0.013443,0.5857,0.64473,0.23472,0.35371,0.12623,0.70944,0.1733,0.53005,0.41012,0.25514,0.47707,0.77761,0.78952,0.6981
0.24116,0.40737,0.088837,0.0076022,0.67466,0.69219,0.22015,0.55758,0.26201,0.80468,0.097542,0.43655,0.40791,0.21258,0.43625,0.78605,0.78767,0.67971
0.18786,0.55636,0.034325,0.0071795,0.73117,0.73449,0.24043,0.63773,0.46021,0.82897,0.05922,0.33154,0.50999,0.21611,0.38686,0.70692,0.80511,0.48171
0.19846,0.64839,0.023242,0.012122,0.72727,0.77548,0.30637,0.54034,0.60834,0.8063,0.042263,0.25695,0.62528,0.2326,0.35576,0.53548,0.80132,0.25218
0.30775,0.58584,0.021233,0.015378,0.66405,0.80711,0.42703,0.37356,0.63699,0.72262,0.039913,0.22623,0.69321,0.25667,0.3162,0.31815,0.75677,0.1372
0.46815,0.42847,0.016126,0.021043,0.60077,0.80803,0.61381,0.29324,0.63403,0.53642,0.062735,0.24957,0.72271,0.25857,0.25501,0.139,0.65448,0.11628
0.60121,0.28316,0.010096,0.027741,0.57249,0.77627,0.80541,0.38857,0.6841,0.29501,0.14394,0.32019,0.74754,0.22385,0.17812,0.046842,0.501,0.12809
0.67711,0.24023,0.0064774,0.030156,0.56752,0.72318,0.86775,0.61163,0.722,0.12063,0.33504,0.43882,0.76497,0.16682,0.12021,0.01515,0.33777,0.14259
0.70528,0.34037,0.0050323,0.031238,0.50335,0.67099,0.74461,0.74452,0.62342,0.043288,0.58694,0.56092,0.71755,0.10049,0.087164,0.0071221,0.21043,0.14826
0.68673,0.58068,0.0084098,0.040374,0.38628,0.63184,0.45545,0.65613,0.39577,0.018646,0.76625,0.59108,0.54273,0.054539,0.076858,0.0074385,0.12968,0.13579
0.59748,0.79363,0.0091704,0.047517,0.24966,0.59607,0.17759,0.34776,0.1683,0.012294,0.73498,0.47747,0.27439,0.023584,0.0772,0.0076377,0.083213,0.10428
0.42498,0.7541,0.0064309,0.04582,0.1392,0.56013,0.040016,0.082946,0.046815,0.0092431,0.46078,0.27034,0.069636,0.0098282,0.083537,0.0064426,0.060683,0.062441
0.2226,0.40997,0.0039227,0.026938,0.045703,0.50657,0.0058656,0.0086031,0.0079349,0.0060437,0.1599,0.081484,0.0094392,0.0043436,0.090238,0.0049165,0.054896,0.029144
0.072605,0.10609,0.0015709,0.0064229,0.0029444,0.38805,0.0010487,0.00061419,0.0012191,0.0041603,0.02511,0.0090774,0.0005521,0.002344,0.081343,0.0025106,0.049931,0.0086945
0.0088171,0.0062496,0.00074691,0.00040964,0.00022736,0.2115,0,0,0,0.002043,0.00073622,0.00082287,0,0.0015036,0.049367,0.00046167,0.047378,0.00078604
0,0,0.00026635,0,0,0.065202,0,0,0,0.00043426,0.00016624,0,0,0.00049474,0.015865,0,0.03076,0
0,0,0.00021761,0,0,0.006907,0,0,0,0,0,0,0,0,3.935e-05,0,0.0079552,0
0,0,0,0,0,0,0,0,0,0,0,0,0,0,0,0,0,0
0,0,0,0,0,0,0,0.00023943,0.0046045,0,0,0,0,0,0,0,0,0
0,0,0.0012365,1.3046e-05,0.0041892,0.00017086,0.00083543,0.021992,0.11387,0.00024232,0.00020187,0.00061715,0,0.0011544,0,0,0,0
0.00083661,0.002247,0.011429,0.0031362,0.10352,0.0016656,0.027013,0.043597,0.27216,0.0026776,0.0035401,0.0086732,0.01055,0.019505,0.00096675,0,0,0.001407
0.027622,0.054215,0.23401,0.0076092,0.33437,0.020382,0.25895,0.041561,0.3041,0.030162,0.061105,0.047726,0.15315,0.062226,0.0091757,0.00090881,0,0.096223
0.18409,0.18057,0.42818,0.012009,0.54083,0.07552,0.54798,0.027897,0.22148,0.11694,0.23034,0.10506,0.39325,0.13371,0.042457,0.011398,9.4724e-05,0.4789
0.36434,0.27347,0.48692,0.013698,0.66932,0.15454,0.74058,0.018073,0.11853,0.31693,0.45315,0.17006,0.53543,0.27223,0.092345,0.1622,0.014976,0.71161
0.43082,0.28978,0.4526,0.01404,0.69482,0.24889,0.77697,0.016089,0.058472,0.51752,0.65402,0.23073,0.53294,0.44386,0.14663,0.49835,0.21162,0.69719
0.39922,0.25977,0.35325,0.010956,0.68402,0.34963,0.69529,0.03563,0.038944,0.62634,0.71748,0.27309,0.48119,0.5286,0.18588,0.69487,0.49287,0.61657
0.34291,0.22013,0.2357,0.010574,0.69143,0.43963,0.58221,0.085015,0.042807,0.67392,0.63499,0.29769,0.42414,0.47813,0.19973,0.72303,0.68182,0.60356
0.27836,0.19311,0.12606,0.0084893,0.72117,0.51479,0.48783,0.19148,0.058735,0.71206,0.48302,0.27687,0.33223,0.34348,0.19667,0.70332,0.73746,0.66397
0.21169,0.19804,0.050967,0.005267,0.74965,0.56433,0.44362,0.37121,0.11074,0.73002,0.34093,0.22862,0.24183,0.22936,0.17495,0.654,0.72037,0.65569
0.1454,0.2741,0.016888,0.0034806,0.73442,0.58514,0.4514,0.56624,0.22279,0.68663,0.22981,0.17469,0.22963,0.17355,0.14489,0.55583,0.6835,0.49747
0.10077,0.42005,0.011154,0.0040259,0.66391,0.59745,0.49374,0.64491,0.3831,0.60738,0.15982,0.13298,0.30921,0.15516,0.1269,0.39574,0.62916,0.27322
0.092602,0.5846,0.016033,0.0068682,0.56082,0.61077,0.58513,0.57179,0.53353,0.5301,0.13463,0.11319,0.42874,0.15262,0.12381,0.22478,0.54409,0.11283
0.13699,0.66833,0.016304,0.0099696,0.45827,0.60963,0.71065,0.45541,0.6117,0.42623,0.14312,0.12682,0.53307,0.15502,0.1202,0.10349,0.43589,0.057307
0.23936,0.63704,0.011649,0.013882,0.40639,0.5809,0.83123,0.43807,0.64435,0.27637,0.2128,0.17509,0.59503,0.13911,0.094733,0.041228,0.31045,0.043507
0.35215,0.56867,0.0073388,0.016519,0.4245,0.52895,0.8536,0.55818,0.64603,0.1263,0.36404,0.26874,0.60352,0.10615,0.057631,0.01707,0.1879,0.044287
0.43161,0.548,0.0053259,0.018156,0.4592,0.47374,0.7294,0.70381,0.55881,0.037691,0.57705,0.40633,0.55556,0.06272,0.028377,0.0087405,0.10297,0.047255
0.45531,0.62729,0.0050686,0.017642,0.4518,0.43397,0.47252,0.69794,0.38101,0.010022,0.74215,0.54022,0.43098,0.035166,0.015534,0.0057423,0.057532,0.047302
0.40959,0.75864,0.0069682,0.02147,0.37785,0.41473,0.20118,0.50423,0.19281,0.0048189,0.7627,0.56903,0.24599,0.020145,0.014027,0.0057278,0.031712,0.045923
0.31462,0.77276,0.0071076,0.024071,0.26634,0.40352,0.054489,0.21884,0.071829,0.0042143,0.57149,0.45333,0.084996,0.0093152,0.017538,0.0054373,0.022047,0.036003
0.19686,0.55547,0.0046855,0.020411,0.1504,0.39625,0.011201,0.044992,0.017013,0.0036936,0.28091,0.25579,0.016379,0.0041738,0.021596,0.0051167,0.017349,0.023322
0.099523,0.24638,0.0025173,0.011148,0.051677,0.37145,0.001852,0.0047291,0.0038018,0.0022973,0.076187,0.078967,0.0034241,0.0024446,0.025094,0.0040813,0.018001,0.011863
0.031538,0.055136,0.0013827,0.0032771,0.0054937,0.2867,0.001091,0.00067665,0.00066722,0.002037,0.010438,0.0087811,5.2421e-05,0.0010331,0.023863,0.0021268,0.018615,0.0031515
0.0045469,0.0024845,0.00050096,0.00049313,0.0005547,0.15175,0,6.246e-05,0,0.00073897,0.0010079,0.0010099,0,0.00046079,0.015287,0.00062455,0.019982,0.00025996
0,0,0.00011787,0.00013568,0,0.04978,0,0,0,0.0003035,0,0,0,0.00017098,0.0034547,0,0.011593,0
0,0,2.2668e-06,0,0,0.0038939,0,0,0,0,0,0,0,0,0,0,0.002406,0
0,0,0,0,0,0,0,0,0,0,0,0,0,0,0,0,0,0
0,0,0,0,0,0,0,0.00035691,0.0032655,0,0,0,0,8.7308e-05,0,0,0,0
0,0,0.0011391,0,0.0014125,0.00019132,0.00087925,0.0074,0.068562,0.00015115,0,0.00013667,0,0.0036572,0,0,0,0
0.00070965,0.0015542,0.0079021,0.0012246,0.056224,0.0017505,0.021856,0.01695,0.15795,0.0045646,0.0014531,0.0032656,0.007204,0.027133,0.00016634,0,0,0.0011815
0.019025,0.037391,0.15602,0.0037372,0.1999,0.014848,0.17164,0.019477,0.16236,0.046826,0.02749,0.019241,0.099137,0.072387,0.0041666,0.00077913,0,0.067289
0.13064,0.12009,0.27932,0.0056619,0.37038,0.051864,0.38915,0.01463,0.10782,0.15639,0.1203,0.04044,0.26181,0.14645,0.017103,0.0097728,2.8417e-05,0.34972
0.25416,0.17158,0.28877,0.0065194,0.50524,0.099347,0.59133,0.012052,0.051794,0.32176,0.29218,0.066944,0.37326,0.28185,0.033906,0.097351,0.0086357,0.57825
0.29523,0.16755,0.23202,0.0062168,0.58666,0.16142,0.69152,0.012645,0.02518,0.48348,0.49043,0.087283,0.38608,0.43521,0.046036,0.34029,0.13236,0.64262
0.25856,0.14824,0.14819,0.0048939,0.62866,0.22373,0.70015,0.025775,0.016076,0.5829,0.66134,0.097963,0.3349,0.50957,0.055508,0.49914,0.31088,0.63402
0.20979,0.12479,0.079678,0.0043277,0.6508,0.27607,0.66965,0.074627,0.018598,0.60769,0.71016,0.094028,0.25873,0.4484,0.053714,0.53098,0.44309,0.6263
0.15849,0.10514,0.029725,0.0040659,0.6481,0.31739,0.64914,0.1757,0.030673,0.58307,0.65943,0.078447,0.16958,0.31376,0.049442,0.49089,0.48336,0.59667
0.11315,0.10273,0.0089131,0.0026761,0.61022,0.34168,0.64944,0.33843,0.063322,0.51759,0.56544,0.063555,0.10685,0.19434,0.039992,0.40472,0.46628,0.47853
0.07541,0.14934,0.004996,0.0025987,0.52536,0.34883,0.67101,0.53034,0.13968,0.41103,0.46898,0.049871,0.095017,0.12847,0.033678,0.27595,0.40975,0.29156
0.049307,0.2577,0.0074566,0.0029605,0.41662,0.346,0.72001,0.63757,0.24409,0.32229,0.39545,0.042904,0.13265,0.10676,0.039212,0.15599,0.33544,0.12472
0.038564,0.42035,0.011367,0.0041703,0.3145,0.34958,0.78036,0.64397,0.35806,0.27804,0.36704,0.049926,0.19766,0.096155,0.05637,0.074092,0.2494,0.048813
0.044033,0.57356,0.012412,0.0069073,0.25317,0.34759,0.81044,0.60964,0.43568,0.22641,0.39896,0.079473,0.26202,0.09132,0.066411,0.034445,0.17,0.023006
0.066437,0.67137,0.0092678,0.010096,0.25046,0.3212,0.77992,0.62448,0.46109,0.14917,0.49582,0.13722,0.29927,0.069841,0.053664,0.019753,0.10573,0.015224
0.10521,0.70829,0.0052885,0.012803,0.30643,0.27704,0.6535,0.68707,0.4156,0.066194,0.63449,0.23181,0.28944,0.045206,0.03439,0.011954,0.059938,0.014943
0.14617,0.72482,0.0049133,0.014125,0.36097,0.23808,0.43075,0.69179,0.3022,0.018563,0.74897,0.3761,0.23948,0.027291,0.01725,0.0072487,0.033395,0.015039
0.16446,0.745,0.0037856,0.012508,0.38048,0.22029,0.19373,0.56467,0.16971,0.00515,0.75971,0.50708,0.15353,0.01654,0.0081508,0.0064281,0.019,0.01673
0.15072,0.7188,0.0039601,0.01448,0.33475,0.21714,0.058879,0.32559,0.072439,0.0023908,0.60759,0.52231,0.067704,0.0091625,0.0068978,0.005596,0.011537,0.017635
0.11509,0.57159,0.0042027,0.014238,0.24091,0.22254,0.013491,0.11269,0.024267,0.0021245,0.35581,0.41106,0.017111,0.0041435,0.0076374,0.0047401,0.0077105,0.01481
0.073621,0.33087,0.0026714,0.011794,0.13621,0.23124,0.0033315,0.022725,0.0050422,0.0016171,0.13619,0.23166,0.0053481,0.0023124,0.0075838,0.0045295,0.0061239,0.01006
0.037171,0.11941,0.0013952,0.0070734,0.050651,0.22651,0.0011465,0.003868,0.0013635,0.00093571,0.030725,0.075182,0.0018983,0.0013909,0.0070955,0.0041342,0.0064933,0.0045388
0.012436,0.022241,0.0010518,0.0021891,0.0081318,0.17271,0.00053456,0.00040301,0.00015785,0.00078095,0.0048329,0.008302,0,0.00063662,0.0070195,0.0025698,0.0067112,0.0015474
0.0015501,0.00099599,0.00039782,0.00040529,0.0010497,0.087462,0,0.0003465,0,0.00043666,0.0013196,0.00087322,0,4.2441e-05,0.0044662,0.0010115,0.0061286,0
0,0,0,0.00022004,0,0.030464,0,0.0002201,0,2.8791e-05,0,0,0,2.304e-05,0.00073513,0,0.0021708,0
0,0,0,0,0,0.0024831,0,0,0,0,0,0,0,0,0,0,0.00049099,0
0,0,0,0,0,0,0,0,0,0,0,0,0,0,0,0,0,0
0,0,0,0,0,0,0,0.00016358,0.0010288,0,0,0,0,0.00030679,0,0,0,0
0,0,0.00045676,0,0.00046923,0.00018211,0.00066893,0.00185,0.03466,0,0,2.8772e-06,0,0.0054203,0,0,0,0
0.00045952,0.0012685,0.0043704,0.00021656,0.02406,0.0012881,0.015045,0.0043454,0.076382,0.0039684,0.00067685,0.00084157,0.0053771,0.02794,0,0,0,0.0010916
0.013261,0.025289,0.080779,0.0013055,0.097942,0.0099947,0.096843,0.0067739,0.076647,0.043893,0.010833,0.0067383,0.063912,0.071593,0.001405,0.00099388,0,0.040079
0.090652,0.077085,0.14142,0.0022239,0.19978,0.032218,0.23465,0.0062757,0.04749,0.15429,0.051213,0.01412,0.15886,0.14601,0.004942,0.0084594,7.8937e-06,0.22795
0.17068,0.10803,0.13563,0.002824,0.30433,0.061911,0.39764,0.0085094,0.024243,0.27144,0.14708,0.022059,0.21668,0.27558,0.011421,0.054838,0.0043052,0.41584
0.18487,0.10011,0.097463,0.0025709,0.38329,0.095477,0.52894,0.01106,0.011558,0.36698,0.29799,0.026133,0.21767,0.42148,0.01609,0.19525,0.062223,0.50553
0.1516,0.079941,0.052452,0.0021804,0.42103,0.12678,0.60395,0.020017,0.0059714,0.41522,0.47287,0.026142,0.17566,0.48103,0.017512,0.2952,0.16244,0.53056
0.11031,0.060599,0.019403,0.0027066,0.42897,0.14697,0.63104,0.052649,0.0061661,0.40044,0.62704,0.024492,0.11608,0.40687,0.015735,0.30838,0.2344,0.50696
0.075849,0.046475,0.0067029,0.0025152,0.39965,0.1594,0.65405,0.13055,0.011534,0.33775,0.69929,0.02072,0.063593,0.26739,0.012923,0.26591,0.25342,0.42171
0.049742,0.041225,0.0035305,0.0016968,0.33496,0.16178,0.68199,0.26268,0.024469,0.25439,0.70747,0.016288,0.034469,0.15559,0.0083091,0.18552,0.23479,0.27996
0.030118,0.057108,0.0034875,0.0024509,0.25593,0.15823,0.69866,0.43102,0.057547,0.17884,0.68437,0.013688,0.031147,0.096091,0.010923,0.10203,0.19042,0.14164
0.015806,0.12016,0.0056137,0.0016933,0.17947,0.15397,0.70792,0.55973,0.11102,0.13972,0.66025,0.017581,0.04289,0.077626,0.021125,0.048885,0.13359,0.056087
0.0097305,0.22985,0.0080948,0.0030884,0.13012,0.15991,0.69078,0.62093,0.16891,0.139,0.65517,0.027376,0.065232,0.067907,0.033917,0.02584,0.087656,0.022316
0.0082543,0.35338,0.0094344,0.0055619,0.11683,0.16404,0.62838,0.64788,0.21475,0.13184,0.68036,0.056801,0.085797,0.057109,0.04016,0.018002,0.057057,0.0099438
0.009901,0.46762,0.0074884,0.00751,0.14961,0.15556,0.50788,0.65536,0.21746,0.092147,0.72288,0.10905,0.095516,0.043202,0.033414,0.013665,0.039495,0.0068095
0.014498,0.55184,0.0044316,0.010113,0.21079,0.13036,0.33031,0.64454,0.1733,0.038862,0.75945,0.20058,0.089152,0.029254,0.021332,0.0094491,0.025234,0.0055084
0.024285,0.58561,0.0032313,0.010823,0.27361,0.10894,0.15394,0.54775,0.10992,0.010257,0.72629,0.33847,0.067073,0.018805,0.011503,0.0061822,0.014387,0.0061516
0.032843,0.57181,0.0025796,0.0097087,0.30116,0.10243,0.05098,0.36642,0.055025,0.0028959,0.58601,0.44782,0.036302,0.010641,0.0061055,0.0058398,0.0099129,0.0063881
0.033388,0.47745,0.0027281,0.0097722,0.26819,0.10381,0.013449,0.17006,0.023725,0.0017395,0.37286,0.44504,0.013933,0.0058302,0.0048812,0.0047183,0.0068138,0.0066012
0.028851,0.31919,0.0026159,0.0090477,0.18891,0.10808,0.003352,0.051818,0.0073841,0.0014036,0.17235,0.33802,0.005183,0.0031103,0.0045959,0.0043552,0.0040794,0.0062107
0.023167,0.1528,0.0014916,0.0069056,0.10619,0.11794,0.00097857,0.01035,0.0016289,0.0009681,0.053401,0.18961,0.0032077,0.0016685,0.0036935,0.0035118,0.0034527,0.00446
0.014215,0.045691,0.0010439,0.0046921,0.042689,0.11336,0.00027896,0.0018277,0.00064035,0.00049544,0.010616,0.061837,0.0011856,0.0011168,0.0021777,0.0031155,0.0035616,0.0031922
0.0049458,0.0074524,0.0012921,0.0014577,0.0063967,0.087958,0.00015482,0.00038071,0,0.00053503,0.0026822,0.0074461,7.1382e-05,0.00060267,0.0013674,0.0025801,0.0018266,0.0015807
9.2852e-05,0.00029551,0.00048056,0.00022178,0.00060952,0.044105,0,0.00013087,0,0.00045946,0.0013596,0.00053947,0,0.00013339,0.0011403,0.0010032,0.0013814,0
0,0,0,0.00022004,0,0.013178,0,0.00014723,0,5.3983e-05,0,0,0,7.6394e-05,0.00046683,0.00017222,0.00043573,0
0,0,0,0,0,0.0011837,0,0,0,0,0,0,0,0,0,0,0,0
0,0,0,0,0,0,0,0,0,0,0,0,0,0,0,0,0,0
0,0,0,0,0,0,0,0.00020969,0.00049593,0,0,0,0,2.5465e-05,0,0,0,0
0,0,2.6068e-05,0,0.00022091,0.00019132,0.00043524,0.00089823,0.014551,0,0,0,0,0.004272,0,0,0,0
0.00011843,0.00060744,0.0011345,0,0.0080447,0.00063944,0.008534,0.001908,0.029594,0.0031994,0.00027015,0,0.002775,0.020891,0,0,0,0.00029692
0.0086987,0.015211,0.031243,0.00052618,0.034978,0.0056455,0.043206,0.0024255,0.030777,0.035886,0.0031215,0.00050206,0.039182,0.060051,0.00039082,0.00076875,0,0.021582
0.064216,0.042864,0.054194,0.001015,0.079552,0.01929,0.10843,0.0032851,0.020219,0.12533,0.01682,0.0018184,0.089599,0.13704,0.0017037,0.0047526,0,0.13294
0.11446,0.062211,0.049145,0.0012707,0.13183,0.036488,0.21486,0.0060378,0.01221,0.19853,0.053603,0.0040942,0.10767,0.25806,0.0054813,0.027967,0.0019387,0.25804
0.11472,0.055171,0.030972,0.0014637,0.18108,0.054451,0.33312,0.0093779,0.0060676,0.24266,0.13587,0.0065038,0.094076,0.38617,0.0083457,0.089324,0.022549,0.33505
0.087747,0.039262,0.01331,0.0014907,0.20463,0.063763,0.42031,0.014726,0.0032017,0.24602,0.25911,0.0068318,0.069795,0.42891,0.0091479,0.13925,0.064128,0.35875
0.060622,0.025278,0.005429,0.0018142,0.20108,0.066116,0.47438,0.030694,0.0020487,0.20906,0.41069,0.0070289,0.04141,0.35546,0.0077385,0.1417,0.099741,0.32259
0.037289,0.017935,0.0031905,0.0009506,0.17257,0.064727,0.50368,0.078306,0.0059355,0.14969,0.54968,0.0069052,0.019582,0.22144,0.0049125,0.10903,0.10873,0.24198
0.02214,0.012229,0.0017749,0.00097496,0.12707,0.063992,0.51651,0.16124,0.011545,0.097056,0.64123,0.0071684,0.0090845,0.12338,0.003427,0.066243,0.094695,0.14053
0.012155,0.015998,0.00175,0.0014376,0.086265,0.060448,0.5116,0.27933,0.020385,0.06358,0.69384,0.0078964,0.0086205,0.076154,0.0049912,0.031253,0.065341,0.063138
0.0060903,0.040387,0.003322,0.0010985,0.05437,0.062293,0.4828,0.3934,0.036285,0.056208,0.72162,0.01193,0.011126,0.054325,0.01056,0.01362,0.040894,0.026869
0.0029182,0.092268,0.0056863,0.0018769,0.041135,0.072561,0.426,0.47064,0.056178,0.073917,0.73257,0.02053,0.016677,0.048081,0.019898,0.010786,0.027615,0.010796
0.0017689,0.1691,0.0064853,0.0032971,0.055252,0.082721,0.33563,0.513,0.070895,0.078337,0.73685,0.047118,0.023011,0.040711,0.023804,0.010673,0.017663,0.0036333
0.0016922,0.24033,0.0039125,0.0060576,0.088422,0.078971,0.21611,0.51179,0.070065,0.053761,0.71458,0.095691,0.02422,0.030798,0.021439,0.0086492,0.016727,0.0030185
0.002398,0.29905,0.0028494,0.008265,0.13792,0.06279,0.1058,0.44805,0.051083,0.021862,0.64386,0.17904,0.019931,0.020592,0.013982,0.0053325,0.012215,0.0033413
0.0038619,0.32838,0.0025105,0.0094617,0.19007,0.051773,0.036324,0.32482,0.034213,0.0065691,0.50573,0.29046,0.014172,0.012892,0.0081275,0.0048854,0.0083294,0.0034053
0.0056403,0.30493,0.0026068,0.0074187,0.2158,0.048674,0.010383,0.18225,0.018347,0.0021545,0.32774,0.36118,0.0074673,0.0069895,0.004967,0.0046374,0.0066512,0.0039203
0.0077996,0.22736,0.0022634,0.0061707,0.18725,0.050651,0.0031957,0.070164,0.0072677,0.00082414,0.16702,0.34232,0.0043454,0.00446,0.003207,0.0039714,0.0038742,0.0031405
0.0094775,0.12985,0.0011595,0.005374,0.1275,0.052648,0.00083835,0.020191,0.0018225,0.0011612,0.059739,0.24979,0.0029568,0.0029078,0.0023556,0.0033396,0.001735,0.0020747
0.0085736,0.054379,0.00079451,0.0040842,0.069669,0.054455,0.00045715,0.0052169,0.00081275,0.0014024,0.01532,0.1366,0.0020422,0.00099312,0.0018977,0.0032265,0.0017366,0.0024641
0.0049344,0.013918,0.00086932,0.0026483,0.025518,0.052461,0.00028627,0.0013711,0.00041533,0.00074617,0.0034778,0.044928,0.0009592,0.00072756,0.00091488,0.0024764,0.0020066,0.0020218
0.0018267,0.001691,0.00080812,0.0010271,0.0043731,0.039437,0.0001592,0.00039855,0,0.00061061,0.0012528,0.0061442,7.1382e-05,0.00079789,0.00035683,0.0016195,0.00056203,0.0017372
0,0.00028785,0.00044089,0.00014437,0.00040473,0.018709,0,0,0,0.0006358,0.00042006,0.00035964,0,0.00030679,0.00033447,0.00081751,0.0005273,8.3778e-05
0,0,0,3.9137e-05,0,0.0038111,0,0,0,0.00010437,0,0,0,0.0001055,0.00031033,0.00020853,3.789e-05,0
0,0,0,0,0,0.00092796,0,0,0,0,0,0,0,0,0,0,0,0
0,0,0,0,0,0,0,0,0,0,0,0,0,0,0,0,0,0
0,0,0,0,0,0,0,0.00029297,1.6792e-05,0,0,0,0,0,0,0,0,0
0,0,0,0,0.00053373,0,0.00015336,0.00050711,0.0037346,0,0,0,0,0.0018504,0,0,0,0
0,0,9.8606e-05,0,0.0017641,0.00035809,0.003609,0.00062311,0.0078879,0.0021221,4.453e-06,0,0.00096032,0.012649,0,0,0,0.0003117
0.006133,0.0069216,0.0076176,0,0.0056969,0.0021403,0.012764,0.0015154,0.0094574,0.023245,0.00026421,0,0.022474,0.043277,0,0.00018778,0,0.011454
0.042624,0.020908,0.015859,9.9148e-05,0.015709,0.0079946,0.034349,0.0032167,0.0074412,0.083075,0.0031675,0,0.049776,0.11565,0.0006761,0.001552,0,0.069765
0.073718,0.030521,0.01329,0.00042964,0.029644,0.019762,0.076195,0.0050473,0.005621,0.12511,0.013898,0.00038986,0.054265,0.21987,0.00385,0.0097064,0.00041521,0.13864
0.074232,0.026226,0.00757,0.00049052,0.043436,0.026019,0.14152,0.0069613,0.0031211,0.13874,0.038162,0.0012588,0.037675,0.33102,0.0063317,0.034883,0.006075,0.18755
0.052899,0.016692,0.0048374,0.00080014,0.046556,0.025527,0.20644,0.0089748,0.0021069,0.11835,0.08987,0.0016788,0.022653,0.35584,0.0060313,0.052909,0.017148,0.19636
0.033909,0.0094553,0.0028131,0.0006636,0.043927,0.021917,0.25351,0.014949,0.0015684,0.081995,0.17392,0.0032311,0.011999,0.28038,0.0043669,0.051979,0.028046,0.17212
0.018023,0.0054998,0.001495,0.00026179,0.03585,0.01811,0.28208,0.032277,0.0034749,0.048405,0.28187,0.004369,0.0052923,0.16562,0.0024102,0.037439,0.026974,0.11812
0.010574,0.0038614,0.00072651,0.00027222,0.024202,0.018058,0.28878,0.078482,0.0057822,0.028227,0.39509,0.0053486,0.002466,0.086625,0.0023932,0.019759,0.018776,0.061808
0.0057729,0.0049055,0.0010314,0.0005888,0.015535,0.020765,0.27096,0.14329,0.0082204,0.020311,0.48433,0.0073785,0.001267,0.049115,0.0027321,0.0082415,0.01248,0.027748
0.0029637,0.011505,0.002761,0.0013924,0.012764,0.025692,0.2333,0.21766,0.010569,0.026301,0.54173,0.01211,0.0019842,0.035242,0.0056673,0.0038884,0.0087888,0.01303
0.0011758,0.026106,0.0040972,0.0016159,0.016293,0.037079,0.17988,0.27768,0.013967,0.038521,0.56077,0.018576,0.0031765,0.033413,0.010129,0.0041612,0.0071169,0.0057166
0.00056469,0.052857,0.0036269,0.0027005,0.029402,0.041852,0.11784,0.30528,0.01826,0.041233,0.53974,0.040785,0.004593,0.025571,0.012699,0.0057444,0.0058776,0.0022288
0.00075513,0.088326,0.0022589,0.0046539,0.052051,0.03821,0.061784,0.2861,0.019937,0.029032,0.47069,0.085511,0.0040443,0.01973,0.012291,0.0040191,0.0064112,0.0016053
0.00099863,0.11596,0.0020016,0.007357,0.082198,0.029718,0.02396,0.22973,0.017029,0.011464,0.35773,0.15002,0.0039617,0.012866,0.0090809,0.0027389,0.0053661,0.0018998
0.0011209,0.12396,0.0011742,0.0087381,0.11329,0.024931,0.0069873,0.1487,0.013969,0.0024868,0.23404,0.23309,0.0028218,0.007751,0.0062182,0.0031891,0.0049225,0.0020858
0.0010782,0.10648,0.0013646,0.0058454,0.12423,0.023216,0.0024932,0.07216,0.0083928,0.00099089,0.12147,0.27012,0.002243,0.0044527,0.0030103,0.002549,0.0032475,0.0019368
0.0022588,0.071605,0.00099286,0.0038389,0.10438,0.022838,0.0013934,0.024904,0.0034156,0.00082054,0.047875,0.24012,0.0024058,0.0034135,0.0018977,0.0023799,0.0019087,0.0011051
0.0037112,0.03628,0.00067324,0.0031814,0.070446,0.022261,0.0010998,0.0071576,0.0010803,0.0010413,0.014077,0.16664,0.0018269,0.001768,0.0011385,0.001801,0.00077516,0.00057413
0.0031257,0.012001,0.0005599,0.0021126,0.038255,0.023588,0.00074634,0.0030471,0.00047914,0.00093331,0.0027623,0.08535,0.0012893,0.0001734,0.00088537,0.0015749,0.00081147,0.00031787
0.0013416,0.0025535,0.00038762,0.0014759,0.010844,0.022635,0.00056085,0.0015451,0,0.00077016,0.00055513,0.026057,0.00056214,2.9103e-05,0.00067968,0.0011785,0.0014619,0.00044353
0.0007864,0.00047939,0.00025048,0.00043312,0.0010546,0.016389,0.00036806,0.00025133,0,0.00071018,0.00014843,0.0028915,0,0.00012611,0.0003774,0.00095446,0.00047046,0.00055565
0,0.00015432,6.347e-05,0,0,0.0071311,0,0,0,0.00041627,2.5233e-05,7.049e-05,0,0.00021948,0.00016008,0.00021372,0,0.00029938
0,0,0,0,0,0.00068957,0,0,0,0.00013436,0,0,0,0,8.8537e-05,8.8183e-05,0,0
0,0,0,0,0,0.00012277,0,0,0,0,0,0,0,0,0,0,0,0
0,0,0,0,0,0,0,0,0,0,0,0,0,0,0,0,0,0
0,0,0,0,0,0,0,0,0,0,0,0,0,0,0,0,0,0
0,0,0,0,0.00014996,0,0,0,0.0016524,0,0,0,0,0.00065966,0,0,0,0
0,0,0,0,5.4825e-05,4.7063e-05,0.0010939,0.00028999,0.0027942,0.00074377,0,0,0.00021638,0.0064971,0,0,0,4.0657e-05
0.0024994,0.0024768,0.0017568,0,0.00079173,0.00058419,0.0037083,0.00073762,0.0037369,0.0075852,0,0,0.008722,0.023898,0,0,0,0.0049737
0.023445,0.0083762,0.0030625,0,0.00091912,0.0029844,0.0074576,0.0016269,0.0036462,0.031945,2.3749e-05,0,0.019223,0.075682,0.00027455,0.00083722,0,0.029707
0.04122,0.011874,0.0032585,0.00017394,0.0012674,0.0074042,0.013668,0.001508,0.0031435,0.055737,0.00081341,2.3017e-05,0.021846,0.1441,0.0030317,0.0027565,0,0.06547
0.041532,0.010691,0.0030171,0.00023743,0.00085139,0.0088059,0.027629,0.0018455,0.0016322,0.058079,0.0051996,0.0001194,0.015826,0.22655,0.0047739,0.0087519,0.00052098,0.083292
0.028606,0.0060131,0.002795,0.00015568,0.0004515,0.0069387,0.046637,0.0038234,0.0014497,0.04585,0.016455,0.00050206,0.0078063,0.24627,0.0044591,0.014621,0.002387,0.085764
0.016445,0.0028884,0.00164,6.6099e-05,0.00031282,0.0060455,0.062957,0.0054503,0.001134,0.028436,0.036044,0.001102,0.0028274,0.18466,0.0026168,0.013522,0.0024739,0.075361
0.0085613,0.0015903,0.00039896,0.00011828,0.0003999,0.004383,0.074945,0.011115,0.0018281,0.014934,0.07051,0.0024571,0.0008287,0.10278,0.0011814,0.010591,0.0011493,0.050122
0.0049979,0.0010376,1.0201e-05,0.00012872,0.00065951,0.0048495,0.079947,0.025903,0.0028345,0.0059921,0.11673,0.0028844,2.6768e-05,0.048094,0.0016751,0.0048978,0.0010546,0.025359
0.0018305,0.0010354,0.0010325,0.00037659,0.001756,0.0081091,0.069655,0.056154,0.0031558,0.0061433,0.17042,0.0053731,0.00018292,0.022621,0.0012798,0.0016921,0.00096618,0.012335
0.00083282,0.0027548,0.001988,0.001095,0.0040135,0.011855,0.053269,0.094332,0.0035633,0.010023,0.2111,0.010927,0.00042049,0.016789,0.002987,0.0011536,0.0015535,0.005862
0.00060733,0.0058074,0.0019903,0.0011628,0.0078238,0.015988,0.037143,0.12737,0.0050377,0.013501,0.22685,0.016426,0.0010752,0.014181,0.0046004,0.0018809,0.0011651,0.0028879
0.00040267,0.010544,0.0015188,0.0020804,0.01299,0.018214,0.020364,0.13797,0.0064169,0.015092,0.20947,0.030358,0.00084209,0.012986,0.0060778,0.0027275,0.0016624,0.0010411
0.0006187,0.019302,0.0019676,0.0034371,0.021407,0.016427,0.0078285,0.12547,0.008751,0.012714,0.16524,0.06425,0.0006391,0.010525,0.0059856,0.002383,0.0011335,0.00065667
0.00077598,0.025143,0.0016208,0.0057515,0.035636,0.013816,0.00261,0.091164,0.009275,0.0044962,0.108,0.11036,0.0012403,0.007078,0.0057648,0.0023094,0.001825,0.00071828
0.00061301,0.025168,0.00087159,0.0058828,0.043976,0.010072,0.0012269,0.050704,0.0079965,0.0010761,0.059065,0.15906,0.00094247,0.005538,0.0035245,0.0020791,0.0020176,0.00059138
0.00052395,0.019463,0.0011255,0.0034345,0.04505,0.0078575,0.0010896,0.020344,0.0046974,0.00058662,0.023041,0.16948,0.00061344,0.0028799,0.0018772,0.0010572,0.0012014,0.00032156
0.0011559,0.012285,0.00092032,0.0022691,0.040556,0.0078176,0.00075656,0.0071159,0.0018035,0.00043786,0.0073964,0.1403,0.00053983,0.0017898,0.0010732,0.00058305,0.00069938,0.00027228
0.0011047,0.0045038,0.00095999,0.0010315,0.028676,0.0070226,0.00046591,0.0031036,0.00061572,0.00070658,0.0021048,0.089313,0.00089116,0.00098827,0.00037472,0.00079365,0.00022418,0.00028337
0.0010574,0.0007552,0.00017681,0.00053923,0.014467,0.006861,0.00024245,0.0019972,0.00028659,0.00025432,0.00059373,0.039347,0.0004071,0.00038682,0.00018244,0.00073867,0.00057466,0.0001922
0.00025013,4.378e-05,0.00048623,0.00062707,0.0037345,0.006068,0.00027604,0.0016507,0,6.7179e-05,2.9686e-06,0.0081409,0.00068148,0.0001734,0.0001422,0.00053844,0.00057466,0.00013429
0.00016296,0.00015432,1.9268e-05,0.00018351,0.00025961,0.0034939,0.00018695,4.7588e-05,0,6.8379e-05,0,0.0010516,0,2.1827e-05,0.00020838,0.00049798,0.00049414,0
0,0,0,0,0,0.0015367,0,0,0,8.0375e-05,0,0,0,4.3654e-05,1.6992e-05,5.0835e-05,0.00032048,0
0,0,0,0,0,2.8647e-05,0,0,0,3.5989e-06,0,0,0,0,0,0,0,0
0,0,0,0,0,0,0,0,0,0,0,0,0,0,0,0,0,0
0,0,0,0,0,0,0,0,0,0,0,0,0,0,0,0,0,0
0,0,0,0,0,0,0,0,0,0,0,0,0,0,0,0,0,0
0,0,0,0,0,0,0,0,0.00044108,0,0,0,0,0.00015036,0,0,0,0
0,0,0,0,0,0,0.00010662,0,0.00051832,0.00012476,0,0,0,0.0012441,0,0,0,0
0.0005609,0.00031412,8.3872e-05,0,0,0.0001238,0.00026144,0.00011748,0.001012,0.00085533,0,0,0.0018481,0.0079595,0,0,0,0.0015955
0.0077503,0.001263,0.00039896,5.3053e-05,0,0.00040822,0.00058276,0.00047737,0.00081947,0.0049305,0,0,0.0036026,0.028421,0.00010821,0.00036207,0,0.0095778
0.015998,0.0026684,0.0004783,0.0001235,0,0.0012185,0.0014591,0.00044168,0.0012639,0.011839,0,0,0.0035446,0.063179,0.0022465,0.0010146,0,0.023646
0.017161,0.00212,0.00097926,6.7838e-05,0,0.0018621,0.0025078,0.0012105,0.00070864,0.015022,2.078e-05,0,0.0019061,0.10549,0.0035281,0.0019089,0.000371,0.026792
0.011434,0.0018979,0.00087045,0,0,0.0013096,0.0017775,0.0018723,0.00042988,0.013027,6.8279e-05,0.00010358,0.00090901,0.11727,0.0026096,0.0029381,0.00076884,0.028272
0.007232,0.00087888,0.00035929,9.393e-05,0,0.0016994,0.00061343,0.0019243,0.00056758,0.0086229,0.00047647,0.00027189,0.00076848,0.081094,0.0012449,0.0032171,0.00041205,0.026018
0.0038827,0.00054396,0.00040916,0.00032701,0,0.0013976,0.00087195,0.0025594,0.0011967,0.004375,0.0014086,0.0007495,0.00049298,0.043152,0.00057415,0.002992,0,0.017557
0.0019963,0.00049799,0.00028902,0.00033745,8.3849e-05,0.001327,0.0012488,0.0045938,0.0015046,0.00079895,0.0031883,0.00082574,0,0.0165,0.00090952,0.0014161,0,0.0086895
0.00049932,0.00058993,0.00066077,0.00049313,0.00043215,0.001106,0.0011699,0.0093184,0.0013255,0.0011372,0.0053881,0.0019838,0,0.0045036,0.00067163,0.00059135,0,0.0046657
0.0002435,0.00087341,0.0010779,0.0005114,0.0012271,0.0015561,0.00076533,0.01811,0.00134,0.0019386,0.00795,0.0047919,7.1382e-05,0.0035626,0.00065643,0.00023031,0,0.0025207
0.00021697,0.0014261,0.00078091,0.00036615,0.0025784,0.0029292,0.00057546,0.029305,0.0023117,0.0029475,0.0095635,0.0083711,0.00014723,0.002766,0.0012646,0.00059239,0.00012156,0.00093019
8.7167e-05,0.0020161,0.00077298,0.00044182,0.003741,0.0048679,0.00048198,0.037375,0.0035555,0.0028155,0.0084383,0.016272,6.9152e-05,0.0044272,0.0017743,0.00056437,0.00047993,5.6674e-05
0.00044436,0.0019865,0.00070498,0.0018125,0.0032201,0.0048864,0.00060321,0.035418,0.0051407,0.0022025,0.0061287,0.034179,0.000145,0.0045788,0.0019603,0.00057994,0,0.00032156
0.00047563,0.0014546,0.0005803,0.0028422,0.0070659,0.0043584,0.00053018,0.023674,0.0050254,0.0010113,0.0038013,0.058501,0.00019184,0.0026702,0.0023977,0.0006121,9.4724e-05,0.00024764
0.00010896,0.0011459,0.00038649,0.0022813,0.0082833,0.0026836,0.00010954,0.011765,0.0038555,0.00067419,0.0019311,0.069942,8.0305e-05,0.0019268,0.0017439,0.0003268,7.8937e-05,0.00017125
4.8321e-05,0.00085589,0.00034569,0.0016029,0.0074852,0.0020605,0,0.0043766,0.0030607,0.00047625,0.00097371,0.065035,2.3422e-05,0.0010113,0.0012046,0.00034236,0,3.6961e-06
0.00016296,0.00047939,0.00044429,0.00048009,0.0075755,0.0015244,0.00010808,0.0019883,0.00076013,0.00026752,0.00027311,0.046754,0.00016619,0.00074575,0.00087196,0.00034962,1.1051e-05,0.0001577
0.00042068,8.537e-05,0.00023235,0.00014089,0.0058469,0.0011909,0.0001592,0.0010975,0.00037391,0.00025072,1.7812e-05,0.026007,0.00037476,0.00013339,0.00045431,0.0003766,3.9468e-05,0.0001577
0.00016865,0,0.00024935,0.00018177,0.0026122,0.0009208,0.00018403,0.00079562,7.8364e-05,0.00024952,0,0.0088415,0.00010038,0.00020978,0.00021553,0.00025106,0.00032206,0.00022793
1.8002e-05,0,0.00029468,0.00015481,0.00072401,0.00039901,8.3251e-05,0.00057552,0,0.00019434,0,0.0010257,0.00015615,1.9402e-05,0.00022268,0.00016184,0.00038837,6.8994e-05
0,0,0,0.00012089,0,8.6964e-05,0.00010224,5.9485e-06,0,0,0,0.00036252,0,0,0.00040512,0.00028115,8.9988e-05,0
0,0,0,0,0,0,0,0,0,0,0,0,0,0,0.00019138,0,0,0
0,0,0,0,0,0,0,0,0,0,0,0,0,0,0,6.121e-05,0,0
0,0,0,0,0,0,0,0,0,0,0,0,0,0,0,0,0,0
0,0,0,0,0,0,0,0,0,0,0,0,0,0,0,0,0,0
0,0,0,0,0,0,0,0,0,0,0,0,0,0,0,0,0,0
0,0,0,0,0,0,0,0,0,0,0,0,0,0,0,0,0,0
0,0,0,0,0,0,0,0,0,0,0,0,0,0.00020372,0,0,0,0
3.9794e-05,0,7.1404e-05,0,0,0,0,0,8.9559e-06,0,0,0,0.00024984,0.0015994,0,0,0,0.00015154
0.0021394,0,0.00035022,0,0,0,0,0,7.8364e-06,0.00023393,0,0,0.00061456,0.0040465,0.00010821,0.00011204,0,0.001986
0.0040012,5.1441e-05,0.00027315,0,0,0.0002302,0,0.00012492,0.00022838,0.001178,0,0.00010214,0.00043387,0.014047,0.00088627,0.00027907,0,0.0037602
0.0039869,0.00011711,0.00028562,0,0,0.00023225,0,0.00065583,0.00010411,0.0024412,0,7.4806e-05,0.0001528,0.021395,0.0012932,0.00026248,0,0.0047938
0.0020986,0,3.7402e-05,0,0,0.00029261,0,0.00088931,0,0.0022973,0,0,4.3499e-05,0.021326,0.00082903,0.00049694,0.0003789,0.0056378
0.0015292,0,9.2939e-05,9.5669e-06,0,3.8878e-05,0,0.0010023,0.00010187,0.0010809,0,2.8772e-06,0.00025542,0.01508,0.00021016,0.00078639,4.1047e-05,0.0049442
0.00099863,0,0.00030829,0.00011393,0,3.3763e-05,0,0.0010172,0.00019255,0.00026752,0,0.00029203,9.0343e-05,0.008789,0.00025756,0.00044922,0,0.0030653
0.00051069,0,0.00012694,0.00014176,0,0.00019439,0.00031694,0.00048778,0.00049257,0,0,1.5824e-05,0,0.0033189,0.0005813,0.00052495,0,0.0019429
5.6848e-05,0,0.00010767,0.00015394,0,2.3531e-05,0.00025267,0.0005428,0.00080715,4.5586e-05,0,5.8982e-05,0,0.0016916,0.00022,0.00031746,0,0.0014131
9.1904e-05,2.0795e-05,0.00033209,9.219e-05,0,0.000177,2.9211e-05,0.0009131,0.00068849,0.00022673,0,0.00094802,0,0.0019608,0,9.3371e-06,0,0.0006998
9.7589e-05,0.00016855,0.00019154,0,0,0.00031716,0,0.0012343,0.0015382,0.00014036,0,0.0024269,0,0.00094462,0,0,0,2.9569e-05
9.4747e-06,6.7859e-05,6.9137e-05,0.00022004,0,0.00076528,0,0.0016314,0.0018069,0.00024592,0,0.0049243,0.00010261,0.0010998,0.00027187,0,0,0.00014415
0.00021697,3.0646e-05,0.00016548,0.0008158,0,0.0015275,0,0.0011942,0.0016333,0.0003167,0,0.0057457,0.00011042,0.0018056,0.00049008,0,0,0
0.00011085,0,0.00037289,0.0006062,0,0.00075301,0,0.00052347,0.001321,0.00029391,0,0.010253,0,0.0010525,0.00076822,0,0,0.00011335
0.00012696,0,0.00029128,0.00042181,0,7.1617e-05,0,0.00028256,0.00079036,0.00010197,0,0.0096888,0,0.00044139,0.00015293,0,0,4.8049e-05
0.00014686,0,0.00024708,0.00025744,2.58e-05,1.4323e-05,0,0.00031973,0.00082618,0,0,0.0094486,7.1382e-05,0.00033589,0.00021553,0,0,0
0.00022076,0,0.00021535,5.2183e-05,0.00021607,0,0.00021032,0.00037476,5.3735e-05,0,0,0.0072576,0.00024761,7.8819e-05,0.00027545,0,0,0
0.00016107,0,9.2939e-05,0.00019569,0.00053535,0,0.00049951,0.00040153,2.127e-05,0.00011636,0,0.0025894,0.00017511,0,4.3821e-05,0,0,0
1.2317e-05,0,0.00028562,0,0.00025639,0,0.00021032,0.00030338,0,8.8772e-05,0,0.00031793,3.346e-06,0,0,0,0,0
7.6745e-05,0,0.00025615,5.5662e-05,0.00013545,0,0,8.6254e-05,0,7.6776e-05,0,0,0,0,0,0,0,0
0,0,0,1.5655e-05,0,0,0,0,0,0,0,0,0,0,8.7643e-05,0,0,0
0,0,0,0,0,0,0,0,0,0,0,0,0,0,9.3009e-05,0,0,0
0,0,0,0,0,0,0,0,0,0,0,0,0,0,0,0,0,0
0,0,0,0,0,0,0,0,0,0,0,0,0,0,0,0,0,0
0,0,0,0,0,0,0,0,0,0,0,0,0,0,0,0,0,0
0,0,0,0,0,0,0,0,0,0,0,0,0,0,0,0,0,0
0,0,0,0,0,0,0,0,0,0,0,0,0,0,0,0,0,0
0,0,0,0,0,0,0,0,0,0,0,0,0,0,0,0,0,0
0,0,7.1404e-05,0,0,0,0,0,0,0,0,0,0,7.1544e-05,0,0,0,0
1.7054e-05,0,0.00010541,0,0,0,0,0,0,0,0,0,0,0.00015036,0,0,0,5.7906e-05
0.00026813,0,0.00018021,0,0,0,0,0,8.1723e-05,0,0,0,0,0.0009519,0.00024773,0,0,0.00029692
0.00018002,0,0.00011674,0,0,0,0,0,0.0001724,0,0,0,0,0.00078698,0.00015382,0,0,0.00079466
9.4747e-07,0,0,0,0,0,0,0,0,0,0,0,0,0.00097009,0.00021553,0,0,0.00072567
0.00011464,0,0,0,0,0,0,0,0,0,0,0,0,0.0013618,1.7886e-06,0,0,0.00055072
0.00016296,0,0,3.3049e-05,0,0,0,0,0,0,0,0,0,0.00064511,8.1383e-05,0,0,0.00035852
0,0,0,9.48e-05,0,0,0,0.00019481,0,0,0,0,0,0.00012369,0.00010016,0,0,4.4353e-05
0,0,0,0.00015394,0,0,0,0.00022604,0,0,0,0,0,0.00010307,0,0,0,0.00024148
0,0,0,0,0,0,0,6.0972e-05,0,0,0,0.0001007,0,0.00059418,0,0,0,6.2834e-05
0,0,0,0,0,0,0,0,0,0,0,0.00014817,0,3.6378e-05,0,0,0,0
8.0535e-05,0,0,0,0,0,0,0,6.7169e-05,7.1977e-06,0,0.00040856,0,0.00026071,0,0,0,0
0.00016581,0,0,1.7394e-05,0,0,0,0,0.00026308,1.3196e-05,0,0.000164,0,0.00017219,3.6667e-05,0,0,0
8.5272e-06,0,0,0.00011306,0,0,0,0,0.00018472,1.3196e-05,0,6.9052e-05,0,8.2457e-05,9.122e-05,0,0,0
0,0,0,0.00024265,0,0,0,0,0.00014329,4.7985e-06,0,0.00024312,0,0.0001831,0,0,0,0
0,0,1.4734e-05,0.00012872,0,0,0,0,0.00014329,0,0,0.00017407,0,0,0,0,0,0
0,0,5.7803e-05,0,0,0,0,0,0,0,0,0,0,6.063e-05,0,0,0,0
0,0,0,0,0,0,0,0,0,0,5.7888e-05,0,0,0,0,0,0,0
0,0,0,0,0,0,0,0,0,0,0.00010687,0,0,0,0,0,0,0
0,0,0,0,0,0,0,0,0,0,0,0,0,0,0,0,0,0
0,0,0,0,0,0,0,0,0,0,0,0,0,0,0,0,0,0
0,0,0,0,0,0,0,0,0,0,0,0,0,0,0,0,0,0
0,0,0,0,0,0,0,0,0,0,0,0,0,0,0,0,0,0
0,0,0,0,0,0,0,0,0,0,0,0,0,0,0,0,0,0
